title,category_id,source
Karcher mašine za šivenje akcija,506,synthetic
Povoljno paintball,1523,synthetic
platforma za prevoz Einhell sa dostavom,1120,synthetic
zimska oprema,1568,synthetic
Najam kostimi i maskiranje,1424,synthetic
Najam/Iznajmljivanje Burton zimska odeća - izdavanje,1572,synthetic
Hitno kompresor Einhell,1191,synthetic
kiteboarding Polar - izdavanje,1545,synthetic
mašina za bušenje kamena - Novi Sad,1187,synthetic
Najam/Iznajmljivanje Stihl kompostni valjak,1337,synthetic
rasipač za đubrivo -,1344,synthetic
tražač kabla Wurth,1063,synthetic
tela kamera za ronjenje - akcija,1267,synthetic
Iznajmljujem slajd projektor,1248,synthetic
elektricna gitara Salomon,1474,synthetic
Philips desktop računar,1146,synthetic
Najam Polar ekspedicione sanke na dan,1564,synthetic
sintisajzer -,1481,synthetic
Rentiranje: mašina za graviranje Einhell,1052,synthetic
nosač tereta za kuku - Beograd,1594,synthetic
cepač drva Honda na dan,1318,synthetic
Gipsarska skela Layher STARO 7000 - Najam izdavanje,1232,real
Izdajem Miele centrifuga za med povoljno,1381,synthetic
Makita merač energije Beograd,1064,synthetic
lenovo laptop,1148,synthetic
Najam/Iznajmljivanje otvorena prikolica,1630,synthetic
tronožac - Novi Sad,1301,synthetic
Hitno maska za zavarivanje,1228,synthetic
Najam/iznajmljivanje podnog sekača betona i asfalta,1212,real
Na zajam ostalo u rasveti i dimu Yamaha,1421,synthetic
ostalo u brušenju -,1058,synthetic
nosač bicikla Capriolo na dan,1504,synthetic
"Građevinska šinska dizalica – najam, izdavanje",1123,real
Polar duvački instrument za vikend,1484,synthetic
Izdajem bumper ball Yamaha,1513,synthetic
udarni ključ DeWalt za vikend,1182,synthetic
Einhell kolica za gipsane ploče Beograd,1238,synthetic
projektor - Novi Sad,1246,synthetic
Na zajam LG rezač papira Novi Sad,1169,synthetic
vazdusni kompresor,1191,synthetic
Na zajam Pioneer sladoled i slush mašine Beograd,1451,synthetic
Najam pa sistem DJI,1129,synthetic
Na zajam Premium vikendica Novi Sad,1268,synthetic
Hitno ostalo u zavarivanju Einhell,1229,synthetic
Atlas Copco 8000T - agregat 8 kw - izdavanje,1024,real
radio stanice i toki-voki - Beograd,207,synthetic
Makita metar Beograd,1069,synthetic
sator za svadbu Bose,1459,synthetic
Husqvarna cepač drva akcija,1318,synthetic
rezač pločica,1205,synthetic
usisivač za lišće - na dan,1319,synthetic
Iznajmljujem mavic 3,1139,synthetic
Najam bina JBL,1420,synthetic
ostalo u ručnim alatima - Novi Sad,1099,synthetic
Hitno merač boja,1102,synthetic
Najam sony zvucnik povoljno,1130,synthetic
Bosch oscilirajući višenamenski alat / multialat - izdavanje,1038,synthetic
redmi,1161,synthetic
Stoni fudbal iznajmljivanje,1516,real
ostalo u sportu - Beograd,1539,synthetic
Thule ukulele na dan,1482,synthetic
Hilti burgije - izdavanje,1178,synthetic
Najam mašina za balone,1416,synthetic
Izdajem penjanje Capriolo,1531,synthetic
Hitno brusilica za podove Wurth,1201,synthetic
brusilica za podove -,1053,synthetic
brusilica za podove - na dan,1053,synthetic
Kettler gitara za vikend,1474,synthetic
Rentiranje: kokicar na dan,1454,synthetic
Husqvarna kompostni valjak,1337,synthetic
Sony gorillapod - izdavanje,1298,synthetic
Izdajem parna presa za odeću Bosch,1370,synthetic
Na zajam Honda kolica za baštu Novi Sad,1356,synthetic
Motorni trimer za travu Stihl FS 75,1310,real
Sony follow focus i nosač objektiva povoljno,1263,synthetic
Izdajem ostalo u zimskim sportovima Thule,1573,synthetic
Najam Samsung dji spark sa dostavom,1141,synthetic
Hitno VW punjač baterija za vozila Beograd,1601,synthetic
Rentiranje: digitalna kino kamera,1255,synthetic
Najam/Iznajmljivanje Apple mrežna oprema sa dostavom,1149,synthetic
Rentiranje: Stihl baštensko sito povoljno,1313,synthetic
motorka za drvo Husqvarna,1309,synthetic
merač vlage Einhell,1071,synthetic
prikolica za teret na biciklu - - izdavanje,1503,synthetic
sekira Villager akcija,1345,synthetic
Na zajam Karcher ostalo u kuhinji akcija,1388,synthetic
Najam/Iznajmljivanje Štemarica SDS-MAX do 12kg,1177,real
objektivi za srednji format -,1278,synthetic
libela Makita Novi Sad,1078,synthetic
Najam ubodna testera,1032,synthetic
Wurth razvodni ormar,1022,synthetic
Izdajem planinski štap Kettler,1495,synthetic
Iznajmljujem filmska kamera Nikon,1256,synthetic
alat za decking - na dan,1200,synthetic
Na zajam narezač,1040,synthetic
Iznajmljujem merdevine za stepenište Husqvarna,1331,synthetic
Einhell pištolj za eksere,1214,synthetic
parking i garaža - Novi Sad,1270,synthetic
Sto i stolice,1430,real
dji fpv Novi Sad,1136,synthetic
DeWalt radna platforma Beograd,1239,synthetic
mašina za skidanje podova Wurth sa dostavom,1202,synthetic
Izdajem Philips mobilni telefon Novi Sad,1161,synthetic
Najam udarni odvijač,1089,synthetic
Kettler wing surf sa dostavom,1551,synthetic
Hitno rezač kamena,1212,synthetic
mirrorless kamera - Novi Sad,1257,synthetic
vaga - za vikend,1076,synthetic
putovanje s decom - za vikend,1579,synthetic
"Iznajmljivanje kampera, Fiat Dethleffs 2024.",1636,real
skener za fotografije - sa dostavom,1170,synthetic
Najam/Iznajmljivanje dji mavic na dan,1139,synthetic
Sony satelitska oprema na dan,1017,synthetic
karaoke - Novi Sad,1452,synthetic
Iznajmljujem Bosch ostalo u glodanju,1116,synthetic
Iznajmljivanje profesionalnih pikado aparata,1457,real
pomoćni krevet - - izdavanje,1363,synthetic
Einhell tahimetar na dan,1081,synthetic
dj oprema LG,1124,synthetic
Izdajem dji avata,1135,synthetic
Wurth maska za zavarivanje akcija,1228,synthetic
Na zajam vhs plejer,1250,synthetic
šrafilice - - izdavanje,1186,synthetic
Na zajam udarni ključ Einhell,1182,synthetic
rotacioni čekić Hilti Novi Sad,1185,synthetic
28M MAKAZASTA platforma 28m,1193,real
obične merdevine -,1330,synthetic
zvučna kartica - akcija,1131,synthetic
Izdajem longboard i skejtbord,1519,synthetic
Novo: ekspedicione sanke,1564,synthetic
diesel agregat,1024,synthetic
Miele jastuk za dojenje,1397,synthetic
roštilj Bose,1433,synthetic
Yamaha prikolica za motocikl na dan,1638,synthetic
menjanje ulja Bockmann,1610,synthetic
kontrola korova - za vikend,1360,synthetic
utovarivač - povoljno,1196,synthetic
stolica-stepenik - Beograd,1332,synthetic
karcer Husqvarna,1322,synthetic
Hitno baterije i punjači Hilti,1019,synthetic
Najam ostalo u rasveti i dimu JBL,1421,synthetic
čamac na gumu Polar akcija,1540,synthetic
planinarsko oruđe - sa dostavom,1496,synthetic
Na zajam DeWalt pištolj za lepak Beograd,1087,synthetic
granita JBL,1451,synthetic
Villager alati za čišćenje oluka Novi Sad,1315,synthetic
Rentiranje: BMW kamp prikolica - izdavanje,1635,synthetic
kombinovana busilica,1185,synthetic
Hitno ostalo za kućne ljubimce,1415,synthetic
Iznajmljujem predivan splav za odmor i uzivanje,1621,real
Najam grejač bočica,1391,synthetic
wing surf Thule Novi Sad,1551,synthetic
Novo: thinkpad akcija,1148,synthetic
Novo: torba za kameru DJI,1261,synthetic
makazasta dizalica DeWalt,1193,synthetic
Iznajmljujem baštenski valjak,1338,synthetic
Povoljno rashladna kutija i torba Capriolo,1492,synthetic
kombinovana testera Makita Beograd,1029,synthetic
Samsung laserski rezač,1168,synthetic
Hitno polaroid kamera,1258,synthetic
Rentiranje: mobilni telefon sa dostavom,1161,synthetic
Najam/Iznajmljivanje stega i mengel,1084,synthetic
Aku povratna testera lisičara Hilti WSR 22-A,1042,real
medaljon stolica Yamaha,1429,synthetic
mašinica za šišanje pasa - sa dostavom,1412,synthetic
Kettler jahanje Beograd,1532,synthetic
Izdajem Samsung igrica povoljno,1153,synthetic
STIHL BT 360 - busac rupa - izdavanje,1211,real
JBL ostalo za proslave Beograd,610,synthetic
koktel sto JBL,1428,synthetic
dji mavic,1139,synthetic
Polar ostalo u mobilnosti Novi Sad,1586,synthetic
jetski - povoljno,1620,synthetic
drum mašina i sampler - Beograd,1472,synthetic
dečiji bicikl Burton za vikend,1508,synthetic
kran i jib Sony,1296,synthetic
Izdajem Stihl ostalo u baštenskim alatima,1362,synthetic
Rentiranje: merač energije,1064,synthetic
Barski stolovi,1428,real
Novo: udarni odvijač Bosch,1089,synthetic
Rentiranje: ostalo u prikolicama Thule,1634,synthetic
Izdajem ostalo u kancelarijskim mašinama,1174,synthetic
Rentiranje: Husqvarna mašina za polaganje kablova sa dostavom,1336,synthetic
Izdajem fpv dron,1136,synthetic
Najam/Iznajmljivanje ostalo za proslave Yamaha,610,synthetic
penjanje - povoljno,1531,synthetic
Bosch rotacioni čekić na dan,1185,synthetic
sony alpha Godox,1257,synthetic
hilti busilica,1181,synthetic
gimbal za mobilni - povoljno,1160,synthetic
alat za lanac motocikla -,1608,synthetic
šator 24-32 m² - za vikend,1459,synthetic
Rentiranje: jetski,1543,synthetic
kombinovana busilica Bosch,1185,synthetic
Salomon sprave za vežbanje akcija,1556,synthetic
walker Kettler,1584,synthetic
Novo: Einhell čekić,1088,synthetic
Hitno Gorenje pomoćni krevet za vikend,1363,synthetic
Najam/iznajmljivanje motorne testere za drva,1309,real
Najam/Iznajmljivanje ugaona hoblerica za parket,1201,real
Rentiranje: HP mikrofon akcija,1127,synthetic
filter za objektiv Sony,1277,synthetic
Iznajmljujem koferi,1577,synthetic
kamp prikolica Audi povoljno,1635,synthetic
akusticna gitara,1474,synthetic
Iznajmljujem kosilica za travu - izdavanje,1341,synthetic
kramp Villager,1353,synthetic
pos terminali Samsung sa dostavom,209,synthetic
Izdajem monitori Godox,306,synthetic
Štampači A4 I A3,1171,real
Najam/iznajmljivanje helikoptera za beton 900mm,1209,real
thinkpad Apple,1148,synthetic
krovni nosac,1597,synthetic
Izdajem čistač tepiha i tapaciringa,1369,synthetic
pc monitori HP sa dostavom,1150,synthetic
ostalo u dekoraciji - na dan,1468,synthetic
pegla - Novi Sad,1372,synthetic
pa sistem - za vikend,1129,synthetic
bluetooth zvucnik Asus,1130,synthetic
Asus pos terminali - izdavanje,209,synthetic
paket stolovi i stolice - sa dostavom,1430,synthetic
Najam/Iznajmljivanje ostalo u transportu,1123,synthetic
Na zajam Burton pojačivač,1469,synthetic
odbojka na pesku - sa dostavom,1530,synthetic
bina - na dan,1420,synthetic
macola - na dan,1092,synthetic
Einhell merač vlage sa dostavom,1071,synthetic
Hilti sekač vijaka Beograd,1027,synthetic
Najam ugaona brusilica,1046,synthetic
Rentiranje: pumpa za majčino mleko,1392,synthetic
Povoljno Thule čelo za vikend,1471,synthetic
stona brusilica - - izdavanje,1049,synthetic
Hitno ostalo u kući,509,synthetic
Hitno simulator oprema Sony,1156,synthetic
vrtlarska testera i škare - Novi Sad,1355,synthetic
skakavac - - izdavanje,1445,synthetic
Stihl baštenski drobilica za vikend,1314,synthetic
Najam nogari za farbanje,1236,synthetic
Najam nogari za farbanje,1236,synthetic
Iznajmljujem dji fpv,1136,synthetic
vakuumski podizač stakla Einhell akcija,1118,synthetic
Novo: vazdušni pištolj,1189,synthetic
šank - Beograd,1427,synthetic
Devojačko veče,608,real
vibro nabijac Bosch,1208,synthetic
radni sto Einhell - izdavanje,1240,synthetic
Na zajam Capriolo paintball sa dostavom,1523,synthetic
ugaona bušilica Hilti Beograd,1175,synthetic
jetski - Novi Sad,1620,synthetic
zaštitna oprema Makita povoljno,1008,synthetic
Rentiranje: ručno rende Makita,1111,synthetic
Makita ostalo u komprimovanom vazduhu sa dostavom,1192,synthetic
Iznajmljujem fly jumpers,1515,synthetic
Izdajem polirka DeWalt,1056,synthetic
Na zajam radna platforma Makita,1239,synthetic
Kettler bas gitara sa dostavom,1470,synthetic
vikendica Standard - izdavanje,1268,synthetic
Na zajam penjanje po snegu i ledu Kettler,1570,synthetic
Na zajam berač voća Honda,1347,synthetic
Na zajam merač protoka vazduha,1060,synthetic
fender,1474,synthetic
Rentiranje: Yamaha stilizovanje i dekoracija,1467,synthetic
pikamer - - izdavanje,1177,synthetic
ncs karta boja - povoljno,1101,synthetic
ostalo u radionici Thule - izdavanje,1616,synthetic
Iznajmljujem Hilti ugaona brusilica akcija,1046,synthetic
pištolj za klamerice - na dan,1215,synthetic
Rentiranje: skakavac,1445,synthetic
Najam/Iznajmljivanje teleskopske merdevine,1334,synthetic
Hilti paket za keramiku za vikend,1206,synthetic
simulator oprema Sony sa dostavom,1156,synthetic
Izdajem Capriolo ostalo u vodenim sportovima - izdavanje,1552,synthetic
Na zajam oprema za mobilne i tablete Samsung,1159,synthetic
Rentiranje: Gardena lopata Beograd,1357,synthetic
prikolica za čamac Yamaha - izdavanje,1625,synthetic
bluetooth zvucnik,1130,synthetic
fudbal Yamaha povoljno,1534,synthetic
Najam toplotni pištolj Bosch,1054,synthetic
Povoljno kolica za teret,1121,synthetic
Na zajam nabijač,1359,synthetic
mašina za šećernu vunu - za vikend,1448,synthetic
sveća i svećnjak JBL,1463,synthetic
Ekscentar brusilica Bosch GEX 34-150,1055,real
reket sportovi Kettler Beograd,1537,synthetic
Bosch ostalo u mernim instrumentima sa dostavom,1082,synthetic
Rentiranje: Stihl visokotlačni perač Beograd,1322,synthetic
tronožac - sa dostavom,1301,synthetic
Najam prekrivači prozora,1233,synthetic
Rentiranje: windsurfing,1550,synthetic
Izdajem alati za točkove i gume Yamaha,1613,synthetic
ostalo u selidbi - Novi Sad,1411,synthetic
Karcher ostalo za decu sa dostavom,1402,synthetic
Salomon invalidska kolica na dan,1585,synthetic
krovni nosač za ski -,1596,synthetic
Wurth uglomer,1062,synthetic
Hitno stona testera Bosch,1043,synthetic
Najam Bosch putovanje s decom akcija,1401,synthetic
Hitno dji fpv,1136,synthetic
Auto prikolica,1630,real
Salomon skijaški roleri na dan,1566,synthetic
Najam prikolica za konje,1640,synthetic
Hitno merač kvaliteta vazduha,1061,synthetic
kiteboarding - - izdavanje,1545,synthetic
Honda ostalo u baštenskim mašinama,1328,synthetic
Novo: ostalo u transportu,1123,synthetic
Karcher 6/15 - perac pod visokim pritiskom - izdavanje,1322,real
metar - povoljno,1069,synthetic
oprema za dronove DJI,1134,synthetic
beton i armatura - sa dostavom,1209,synthetic
Rentiranje: ostali prostori,1273,synthetic
Brennenstuhl motalica – dužina kabla 50m,1021,real
Na zajam secerna vuna Novi Sad,1448,synthetic
arkadna masina DJI,1152,synthetic
DJI veliki ekran akcija,1242,synthetic
slušalice DJI,1125,synthetic
Novo: Hilti mobilna pilana Beograd,1037,synthetic
Na zajam radio stanice i toki-voki Asus,207,synthetic
kolica za teret DeWalt,1121,synthetic
Povoljno merdevine za stepenište Stihl,1331,synthetic
Najam zaštita od komaraca,1498,synthetic
kolica za teret Einhell Novi Sad,1121,synthetic
masina za pranje pod pritiskom Villager,1322,synthetic
Novo: ostali prostori Lux,1273,synthetic
Hitno plazma rezač,1039,synthetic
Iznajmljivanje stolnjaka,1441,real
gitarni pedal - Novi Sad,1475,synthetic
trimer za travu Husqvarna,1310,synthetic
Motorna benzinska kosačica za travu W-BM 500 BS Womax,1341,real
rasipač za đubrivo - povoljno,1344,synthetic
Rentiranje: Wurth burgije Novi Sad,1178,synthetic
kofer za alat - Novi Sad,1095,synthetic
Yamaha diskokugla akcija,1464,synthetic
Novo: arkadna mašina DJI,1152,synthetic
Rentiranje: termovizijska kamera,1080,synthetic
Husqvarna makaze za živicu,1316,synthetic
ključ za cevi Einhell,1218,synthetic
detektor kablova za robotske kosilice - Novi Sad,1335,synthetic
Profi stolovi za stoni fudbal,1516,real
fender Polar,1474,synthetic
kamp prikolica Bockmann,1635,synthetic
jednobojna pozadina - akcija,1305,synthetic
Iznajmljujem Wurth platforma za rad na visini,1193,synthetic
robot za bazen Villager,1321,synthetic
thule krovni kofer,1595,synthetic
pametni sat HP povoljno,1162,synthetic
stega i mengel - - izdavanje,1084,synthetic
ostalo u računarima -,1151,synthetic
Hilti TE 1000 AVR – izdavanje,1177,real
trimer za ivice travnjaka - - izdavanje,1339,synthetic
Hitno berba šumskih plodova Kettler,1487,synthetic
oprema za lavine - Beograd,1563,synthetic
Kettler ostalo u mobilnosti Beograd,1586,synthetic
Iznajmljujem vodene igre Yamaha,1528,synthetic
prikolica za motocikl - povoljno,1629,synthetic
Najam/Iznajmljivanje Asus satelitska oprema,1017,synthetic
pištolj za silikon - Beograd,1083,synthetic
Hitno Makita utovarivač Beograd,1196,synthetic
"Iznajmljivanje kampera, Ford Challenger 2023.",1636,real
hp laptop,1148,synthetic
Burton bas gitara Beograd,1470,synthetic
Najam ostalo u mernim instrumentima Wurth,1082,synthetic
golf - sa dostavom,1535,synthetic
Iznajmljujem auto alati,1602,synthetic
Rentiranje: Bosch pištolj za silikon,1083,synthetic
Bosch alati za proširivanje za vikend,1216,synthetic
vodni ski i wakeboard - Beograd,1548,synthetic
Hitno paddleboard Capriolo,1546,synthetic
Beko remeni i pojasevi za selidbu,1409,synthetic
DeWalt tračna testera povoljno,1026,synthetic
Najam vodilica,1030,synthetic
Na zajam fender akcija,1474,synthetic
Burton slackline povoljno,1538,synthetic
indukcioni grejač - - izdavanje,1605,synthetic
kompresor za vazduh,1191,synthetic
baštensko sito Gardena Novi Sad,1313,synthetic
Izdajem prikolica za motocikl,1629,synthetic
ps5,1154,synthetic
Asus ostalo u projektorima i tv - izdavanje,1251,synthetic
karaoke - na dan,1452,synthetic
Najam/Iznajmljivanje ostalo u nameštaju za proslave Pioneer,1432,synthetic
Sony računarska oprema sa dostavom,1145,synthetic
Povoljno laptop Asus,1148,synthetic
Izdajem vodootporne torbe Kettler,1493,synthetic
ronilačka oprema - na dan,1541,synthetic
Godox baterije za kamere,307,synthetic
trakasta brusilica Bosch Novi Sad,1048,synthetic
Najam/Iznajmljivanje Bušilica za zemlju,1211,real
Hitno kompostni valjak Villager,1337,synthetic
Yamaha instrumentalni mikrofon,1476,synthetic
desktop računar Apple na dan,1146,synthetic
Izdajem dizalica za motocikl Bockmann,1609,synthetic
sator za proslavu JBL,1459,synthetic
Iznajmljivanje Jbl zvucnika BESPLATNA DOSTAVA,1130,real
Salomon masaža Beograd,1558,synthetic
pagoda,1459,synthetic
Husqvarna freza povoljno,1324,synthetic
Najam/Iznajmljivanje ostalo u bušilicama i šrafilicama,1188,synthetic
usisivač za lišće,1319,synthetic
solarni punjač -,1163,synthetic
Novo: planinski štap Burton,1495,synthetic
Rentiranje: makazasta platforma na dan,1193,synthetic
mašina za bušenje kamena - - izdavanje,1187,synthetic
Novo: teleskopske merdevine Honda,1334,synthetic
ostalo u elektronici - Novi Sad,210,synthetic
kolica za selidbu - Novi Sad,1408,synthetic
Izdajem stihl trimer - izdavanje,1310,synthetic
Novo: Makita ostalo u skelama za vikend,1241,synthetic
roleri Kettler za vikend,1536,synthetic
dizalica za motocikl Audi - izdavanje,1609,synthetic
Samsung ostali dronovi akcija,1143,synthetic
invalidska kolica - akcija,1585,synthetic
gvozdena šipka - povoljno,1351,synthetic
jedrilica Audi Novi Sad,1623,synthetic
centrifuga za med Bosch - izdavanje,1381,synthetic
Iznajmljujem krovni nosač za ski Bockmann,1596,synthetic
Povoljno električni aparat za zavarivanje,1224,synthetic
krovni nosač VW,1597,synthetic
benzinski agregat,1024,synthetic
ostala vozila VW za vikend,808,synthetic
Iznajmljujem ostalo u dekoraciji Pioneer,1468,synthetic
Najam/Iznajmljivanje karcher tepih Novi Sad,1369,synthetic
punjač baterija za vozila VW na dan,1601,synthetic
sekač vijaka Bosch Novi Sad,1027,synthetic
Povoljno dji mavic Philips,1138,synthetic
Kettler outdoor odeća,1500,synthetic
Apple projekciono platno na dan,1247,synthetic
Iznajmljujem macbook na dan,1148,synthetic
kompresor Bosch,1191,synthetic
Novo: Bosch plastični zavarivač povoljno,1227,synthetic
Najam zaštita od komaraca Polar,1498,synthetic
pištolj za boju Bosch - izdavanje,1105,synthetic
Rentiranje: sous vide aparat Bosch,1385,synthetic
Povoljno oscilirajući višenamenski alat / multialat,1038,synthetic
Povoljno mirrorless kamera Nikon,1257,synthetic
Izdajem Polar paddleboard,1546,synthetic
kuhinjski pribor i aparati Miele povoljno,1387,synthetic
Novo: Gardena bure za spaljivanje Novi Sad,1346,synthetic
Na zajam štampač nalepnica,1166,synthetic
Iznajmljivanje espresso aparata za kafu,1387,real
Najam/Iznajmljivanje Kettler ostalo u mobilnosti sa dostavom,1586,synthetic
VW krovni kofer Beograd,1595,synthetic
sator za proslavu,1459,synthetic
Najam rashladna kutija i torba Burton,1492,synthetic
Kompresor Einhell TE-AC 270/50/10,1191,real
Izdajem rekviziti,1366,synthetic
Makazasta platforma 8m,1193,real
Izdajem Asus dji mavic - izdavanje,1138,synthetic
Sony radio stanice i toki-voki Beograd,207,synthetic
LG satelitska oprema Beograd,1017,synthetic
parna presa za odeću Gorenje za vikend,1370,synthetic
Corset za iznajmiti,1425,real
Izdajem Husqvarna gvozdena šipka povoljno,1351,synthetic
Novo: mašina za dim Yamaha,1418,synthetic
Izdajem vozila za hobi Thule,1518,synthetic
Povoljno Polar ostalo u biciklizmu na dan,1509,synthetic
prikolica s pokrivačem - povoljno,1633,synthetic
Na zajam kolica za teret Einhell,1121,synthetic
Panasonic streaming oprema Beograd,1265,synthetic
jbl xtreme Philips,1130,synthetic
Najam Asus skener za fotografije,1170,synthetic
krunska testera - sa dostavom,1180,synthetic
Na zajam ručno rende Makita,1111,synthetic
Iznajmljujem jbl xtreme akcija,1130,synthetic
Na zajam benzinski agregat povoljno,1024,synthetic
Novo: skijaški roleri,1566,synthetic
tester pritiska Makita za vikend,1221,synthetic
Najam/Iznajmljivanje šator preko 32 m²,1460,synthetic
Makita makaze za metal povoljno,1033,synthetic
Povoljno tv,1249,synthetic
muzički instrumenti LG sa dostavom,1128,synthetic
digitalna kino kamera,1255,synthetic
Rentiranje: vitlo Hilti,1122,synthetic
pikamer Hilti,1177,synthetic
Najam Polar dečiji bicikl,1508,synthetic
Iznajmljujem skela povoljno,1232,synthetic
Miele prostirka za igru Novi Sad,1398,synthetic
Benzinski sekač Stihl TS 800,1212,real
dečiji nameštaj,1396,synthetic
lonci i tiganje -,1384,synthetic
pumpa za odvodnjavanje Honda,1311,synthetic
Iznajmljujem ubodna testera,1032,synthetic
DeWalt cirkularna testera povoljno,1028,synthetic
invalidska kolica Salomon,1585,synthetic
Apple laptop na dan,1148,synthetic
Na zajam zvučnik,1132,synthetic
Najam/Iznajmljivanje Hilti presa,1041,synthetic
hilti cekic Hilti,1185,synthetic
šrafilice Bosch povoljno,1186,synthetic
Rentiranje: klavijatura,1477,synthetic
Hitno jump starter BMW,1593,synthetic
Samsung media plejeri,1244,synthetic
Bosch ultrazvučno čišćenje - izdavanje,1375,synthetic
ostalo u blicevima i rasveti - sa dostavom,1290,synthetic
Izdajem indukcioni grejač,1605,synthetic
nosač tereta za kuku Bockmann,1594,synthetic
Izdajem leđna prskalica,1349,synthetic
Najam/Iznajmljivanje dji phantom za vikend,1138,synthetic
Na zajam party rasveta Pioneer,1417,synthetic
Rentiranje: ostalo u dekoraciji,1468,synthetic
Povoljno arkada,1152,synthetic
Audi prikolica za konje Beograd,1640,synthetic
Najam/Iznajmljivanje memorijske kartice,308,synthetic
vibro nabijač DeWalt Novi Sad,1208,synthetic
kostimi i maskiranje Bose povoljno,1424,synthetic
foto/video paketi GoPro akcija,305,synthetic
Izdajem ukulele Burton,1482,synthetic
Povoljno filter za objektiv Godox,1277,synthetic
Povoljno ostalo u bušilicama i šrafilicama,1188,synthetic
Najam Polar ronilačka oprema,1541,synthetic
Rentiranje: pištolj za klamerice Makita,1215,synthetic
Novo: udarni odvijač Wurth,1089,synthetic
Hitno Salomon čeona lampa povoljno,1494,synthetic
robot za bazen Stihl,1321,synthetic
Hilti TE 800 AVR – izdavanje,1177,real
Najam/Iznajmljivanje DJI ostali dronovi povoljno,1143,synthetic
Iznajmljujem roštilj JBL,1433,synthetic
Na zajam čamac na gumu,1540,synthetic
ključ za cevi - sa dostavom,1218,synthetic
Einhell kalemovi i električni kablovi,1021,synthetic
Najam Hilti vitlo Novi Sad,1122,synthetic
trakasta turpija - Beograd,1047,synthetic
Povoljno ostalo u odeći,1426,synthetic
krovni kofer Audi za vikend,1595,synthetic
Novo: Villager kramp,1353,synthetic
sous vide aparat - Novi Sad,1385,synthetic
Na zajam baštenski valjak,1338,synthetic
Izdajem luper,1126,synthetic
Iznajmljivanje govornice,1456,real
Najam Standard skladišna jedinica - izdavanje,1271,synthetic
vhs plejer - akcija,1250,synthetic
ostalo u vežbanju i teretani Polar,1562,synthetic
masaža Salomon povoljno,1558,synthetic
sabljasta testera - Novi Sad,1042,synthetic
cepač drva - Beograd,1318,synthetic
Hitno ankeri i tiplovi,1184,synthetic
Povoljno kamkorder DJI,1252,synthetic
pištolj za lepak DeWalt povoljno,1087,synthetic
Hitno Bosch tahimetar sa dostavom,1081,synthetic
Novo: VW nosač za kanu i kajak,1589,synthetic
ostalo u glodanju Wurth - izdavanje,1116,synthetic
Rentiranje: sladoled masina Novi Sad,1451,synthetic
Sony vr naočale Beograd,1157,synthetic
Najam/Iznajmljivanje Bose pizza peć,1438,synthetic
Povoljno specijalni kofer Salomon,1576,synthetic
Novo: sator za svadbu Novi Sad,1459,synthetic
follow focus i nosač objektiva - - izdavanje,1263,synthetic
sladoled i slush mašine Bose Novi Sad,1451,synthetic
Najam 3d štampač LG,1165,synthetic
Rentiranje: Gorenje bebi monitor,1390,synthetic
kokicar Pioneer,1454,synthetic
Slicerica za pravljenje kanala u zidu Toolson Pro MF 1320,1113,real
laserski daljinomer Bosch povoljno,1066,synthetic
motociklistička oprema Thule za vikend,1637,synthetic
Hitno ostalo u brušenju Makita,1058,synthetic
Najam haljina na dan,1425,synthetic
Na zajam Hilti trakasta brusilica,1048,synthetic
motorna testera,1309,synthetic
Rent a scuter Morbidelli SC125LX,808,real
Iznajmljujem masina za kokice sa dostavom,1454,synthetic
pokretna skela DeWalt,1232,synthetic
alat za lanac motocikla Yamaha - izdavanje,1608,synthetic
Izdajem slike Karcher,1365,synthetic
Novo: glava tronošca Sony,1302,synthetic
slajd projektor Samsung - izdavanje,1248,synthetic
nosač bicikla na automobilu BMW,1588,synthetic
ostalo u radionici - Beograd,1616,synthetic
Izdajem party rasveta,1417,synthetic
Osmo Poket 3,1252,real
Iznajmljujem Salomon mikroskop,1521,synthetic
Izdavanje Ventilatora na vodu Šabac i okolina,105,real
ključevi i gedore Makita akcija,1094,synthetic
ekspedicione sanke Thule,1564,synthetic
čistač tepiha i tapaciringa Beko - izdavanje,1369,synthetic
usisivač za lišće Stihl na dan,1319,synthetic
Najam ostali dronovi,1143,synthetic
Rentiranje: BMW lanci za sneg povoljno,1598,synthetic
Najam roleri Thule,1536,synthetic
tračna testera DeWalt na dan,1026,synthetic
GoPro kamera na kablu akcija,1292,synthetic
Najam ankeri i tiplovi,1184,synthetic
šator 24-32 m² Pioneer Novi Sad,1459,synthetic
Novo: kosilica na dan,1341,synthetic
Novo: leđna prskalica,1349,synthetic
Najam Hilti crevo za komprimovani vazduh - izdavanje,1190,synthetic
Rentiranje: Bose fontana od čokolade,1447,synthetic
lenovo laptop Apple,1148,synthetic
Najam/Iznajmljivanje uglomer Wurth,1062,synthetic
Rentiranje: masaža Kettler,1558,synthetic
reflektorski ekran -,1284,synthetic
Iznajmljivanje hladnjaca,1441,real
Izdajem DJI mrežna oprema,1149,synthetic
Novo: bubnjevi Burton,1473,synthetic
Bose paella tava akcija,1437,synthetic
Izdajem baštensko crevo Husqvarna,1348,synthetic
aligator testera - akcija,1025,synthetic
DeWalt svrdlo za zemlju povoljno,1211,synthetic
Bose kostimi i maskiranje akcija,1424,synthetic
alati za točkove i gume,1613,synthetic
Toplotni pištolj Makita HG5030,1054,real
macbook LG,1148,synthetic
Na zajam filter za objektiv,1277,synthetic
Godox slajder i dolly,1300,synthetic
Najam rotacioni cekic,1185,synthetic
Novo: Einhell nogari za farbanje za vikend,1104,synthetic
damper - sa dostavom,1194,synthetic
Bosch remeni i pojasevi za selidbu sa dostavom,1409,synthetic
Izdajem prikolica za dete (bicikl),1505,synthetic
nosač bicikla na automobilu Yamaha za vikend,1588,synthetic
makazasta platforma,1193,synthetic
Najam Salomon skijanje i snowboard Beograd,1568,synthetic
Iznajmljujem ostalo u zimskim sportovima Burton,1573,synthetic
lonac za supu Pioneer za vikend,1440,synthetic
Najam tela kamera za ronjenje Panasonic,1267,synthetic
štake - - izdavanje,1581,synthetic
Polar ribolov magnetom za vikend,1520,synthetic
kosilica Husqvarna,1341,synthetic
snowracer Salomon,1571,synthetic
Canon G7X Mark III,1253,real
kofer za bicikl Burton akcija,1574,synthetic
slush masina,1451,synthetic
Trigano 2D250 1T nosivost,1630,real
Iznajmljujem Samsung 4g ruter,1144,synthetic
Wurth osciloskop - izdavanje,1073,synthetic
penjanje po snegu i ledu - sa dostavom,1570,synthetic
paket za keramiku -,1206,synthetic
torba za kameru - akcija,1261,synthetic
Iznajmljujem grafoskop,1245,synthetic
štafelaj Kettler,1514,synthetic
dizalica i stalci Thule Beograd,1606,synthetic
alat za decking Makita,1200,synthetic
Dyson nosiljka i stolica za bebu akcija,1389,synthetic
gitarni pedal Kettler akcija,1475,synthetic
Iznajmljujem Karcher ultrazvučno čišćenje Novi Sad,1375,synthetic
Na zajam tela kamera za ronjenje Godox,1267,synthetic
Hilti macola,1092,synthetic
kamkorder - povoljno,1252,synthetic
Hitno tow dolly,1632,synthetic
ostalo u sportu Capriolo Beograd,1539,synthetic
Najam/Iznajmljivanje Karcher sokovnik na paru Novi Sad,1386,synthetic
gradjevinski podupirac,1235,synthetic
motorni čamac - Beograd,1621,synthetic
streaming oprema Canon sa dostavom,1265,synthetic
Iznajmljivanje kalorifera - rentiranje,105,real
Gorenje dečija odeća,1395,synthetic
Asus gimbal za mobilni,1160,synthetic
Samsung ostalo u računarima povoljno,1151,synthetic
Hitno dji fpv Apple,1136,synthetic
tela kamera za ronjenje Sony sa dostavom,1267,synthetic
Insta 360 x5,1260,real
Wurth ostalo u glodanju za vikend,1116,synthetic
lift za suvi zid DeWalt,1234,synthetic
motorna testera - akcija,1309,synthetic
kutija za valjak Wurth na dan,1108,synthetic
IZNAJMLJIVANJE HLADNJAČA BEOGRAD,1441,real
Povoljno zvuk Yamaha,1419,synthetic
kosilica,1341,synthetic
Hitno yoga prostirka Salomon,1561,synthetic
Izdajem zvuk JBL,1419,synthetic
Šlep prikolica,1627,real
Na zajam luper HP,1126,synthetic
čistač terasa - za vikend,1320,synthetic
Hitno ključ,1098,synthetic
Iznajmljujem Einhell savijač cevi,1219,synthetic
Na zajam filmska kamera Sony,1256,synthetic
pumpa za majčino mleko Miele - izdavanje,1392,synthetic
Rentiranje: stand up paddle Novi Sad,1546,synthetic
rekviziti Dyson,1366,synthetic
Na zajam alati za točkove i gume,1613,synthetic
slajder i dolly - - izdavanje,1300,synthetic
Novo: Wurth rotacioni čekić akcija,1185,synthetic
Nikon torba za kameru Beograd,1261,synthetic
vazdušni pištolj Bosch sa dostavom,1189,synthetic
Izdajem Philips zvučnik sa dostavom,1132,synthetic
Wurth ostalo u ručnim alatima za vikend,1099,synthetic
Novo: vaga Bosch,1076,synthetic
Novo: foto/video paketi,305,synthetic
Izdajem diskokugla,1464,synthetic
Na zajam ručni kontroler Apple,1155,synthetic
platforma za prevoz -,1120,synthetic
mobilna pilana Hilti povoljno,1037,synthetic
Na zajam air track,1510,synthetic
Hitno ostalo u motociklima Audi,1639,synthetic
glava tronošca - povoljno,1302,synthetic
Hitno Bosch ručna testera - izdavanje,1031,synthetic
Rentiranje: traktor Einhell,1198,synthetic
"Paviljoni 3x3,3x6",1459,real
Ugaona brusilica (velika) Makita GA 9020 R,1046,real
Philips inverter Beograd,1015,synthetic
Honda obične merdevine,1330,synthetic
grabulje za nivelisanje Stihl - izdavanje,1340,synthetic
DJI senzor boja,1262,synthetic
foto/video paketi - - izdavanje,305,synthetic
softbox i kišobran - Novi Sad,1286,synthetic
Električna lančana testera Makita UC3551A,1309,real
autosedište Audi sa dostavom,1591,synthetic
vr naočale - sa dostavom,1157,synthetic
Hitno Bose šator preko 32 m²,1460,synthetic
Pioneer diskokugla povoljno,1464,synthetic
gradjevinski podupirac Bosch,1235,synthetic
skladišna jedinica Premium - izdavanje,1271,synthetic
parna presa za odeću Miele akcija,1370,synthetic
"Najam/Iznajmljivanje Trofazni agregat 3,3kVA",1024,real
Thule jedriličarska odeća Novi Sad,1624,synthetic
JBL PartyBox 520 - portabilni zvučnik za iznajmljivanje,1130,real
šank Bose Novi Sad,1427,synthetic
playstation 5,1154,synthetic
dečija odeća Gorenje na dan,1395,synthetic
Iznajmljujem kolica za prevoz Husqvarna,1361,synthetic
Wurth prskalica za malter povoljno,1107,synthetic
Rentiranje: pa sistem Philips,1129,synthetic
Izdajem Bosch sto za tapete,1106,synthetic
Povoljno Salomon wing surf za vikend,1551,synthetic
hodalica Thule,1584,synthetic
Lux parking i garaža povoljno,1270,synthetic
Povoljno Polar ostalo u putovanjima na dan,1580,synthetic
DJI c-stalak sa dostavom,1291,synthetic
Hitno Salomon klavijatura Beograd,1477,synthetic
Dyson jastuk za dojenje,1397,synthetic
Rentiranje: klavijatura,1477,synthetic
čelo Yamaha sa dostavom,1471,synthetic
Građevinski podupirači 1-1.8m - najam -izdavanje - renta,1235,real
Na zajam viljuškar,1117,synthetic
skidač izolacije Bosch sa dostavom,1020,synthetic
Povoljno Samsung radio stanice i toki-voki Novi Sad,207,synthetic
hodalica - sa dostavom,1584,synthetic
Iznajmljujem Thule dvogled sa dostavom,1488,synthetic
Hitno oscilirajući višenamenski alat / multialat Makita,1038,synthetic
Najam Nikon pozadina sa motivom sa dostavom,1306,synthetic
Električna teleskopska testera Black & Decker PS7525,1309,real
Capriolo floorball,1533,synthetic
Povoljno Bockmann alat za lanac motocikla - izdavanje,1608,synthetic
Elektro-pneumatski čekić za štemovanje Bosch GSH 27 VC; šestostrani prihvat 28mm,1177,real
JBL grejalice i pečurke,609,synthetic
Iznajmljujem canon 5d povoljno,1254,synthetic
Hitno DJI mirrorless objektivi Novi Sad,1279,synthetic
Aksesoari za devojačko veče,1467,real
Najam/Iznajmljivanje ostalo u sportu Yamaha,1539,synthetic
Najam/Iznajmljivanje grafoskop DJI,1245,synthetic
Makita ostalo u mehanizaciji terena sa dostavom,1213,synthetic
GoPro mirrorless kamera - izdavanje,1257,synthetic
Najam surfanje,1547,synthetic
Iznajmljivanje JBL 320 zvucnika,1130,real
3d štampač - na dan,1165,synthetic
Yamaha grejalice i pečurke sa dostavom,609,synthetic
traktor - - izdavanje,1198,synthetic
Santorini cross back stolice iznajmljivanje,1429,real
Najam Kettler prsluk sa tegovima - izdavanje,1560,synthetic
Najam baštenski drobilica Gardena,1314,synthetic
dehidrator hrane -,1380,synthetic
pića -,1436,synthetic
Najam ostalo u podnim oblogama,1207,synthetic
tračna testera -,1026,synthetic
prikolica s pokrivačem VW,1633,synthetic
Pioneer fontana od čokolade - izdavanje,1447,synthetic
presa Einhell sa dostavom,1041,synthetic
dj oprema Apple za vikend,1124,synthetic
Najam pištolj za silikon,1083,synthetic
baloni Bose,1416,synthetic
alat za decking Einhell,1200,synthetic
lanci za sneg - - izdavanje,1598,synthetic
Najam/Iznajmljivanje zvuk JBL,1419,synthetic
ostalo u građevini i alatima -,1013,synthetic
Najam/Iznajmljivanje autosedište,1393,synthetic
Hitno oprema za lavine,1563,synthetic
Povoljno sator za proslavu sa dostavom,1459,synthetic
ostalo u mehanizaciji terena Makita,1213,synthetic
Hitno listna brusilica,1057,synthetic
prikolica sa kavezom BMW sa dostavom,1626,synthetic
Dyson pegla - izdavanje,1372,synthetic
građevinska skela,1232,synthetic
Godox studijski blic na dan,1288,synthetic
Hitno mašina za skidanje podova,1202,synthetic
Capriolo wing surf - izdavanje,1551,synthetic
Novo: Kettler bubnjevi Beograd,1473,synthetic
HP dji avata Novi Sad,1135,synthetic
Profesionalna oprema za dubinsko pranje,1369,real
Najam DeWalt vazdušni pištolj,1189,synthetic
vibro ploca,1208,synthetic
baštensko sito Stihl povoljno,1313,synthetic
Hitno Godox monitori,306,synthetic
skarifajzer - za vikend,1343,synthetic
Najam karcer povoljno,1322,synthetic
Einhell pištolj za silikon Novi Sad,1083,synthetic
sokovnik na paru -,1386,synthetic
Hitno Panasonic polaroid kamera - izdavanje,1258,synthetic
Povoljno Capriolo ostalo u igranju i hobiju za vikend,1529,synthetic
Najam/Iznajmljivanje Potopna pumpa za nisku vodu,1311,real
ribač podova -,1373,synthetic
Iznajmljujem gimbal za mobilni,1160,synthetic
Pokretna skela,1232,real
Izdajem Kettler ostali muzički instrumenti Novi Sad,1485,synthetic
Iznajmljujem ostalo u održavanju travnjaka,1342,synthetic
Iznajmljujem inkubator za jaja Dyson,1413,synthetic
Povoljno kofer za alat Einhell,1095,synthetic
sony zvucnik,1130,synthetic
bosch busilica,1181,synthetic
ruksak Yamaha za vikend,1486,synthetic
Na zajam Beko jastuk za dojenje za vikend,1397,synthetic
motorni čamac Audi Novi Sad,1621,synthetic
Na zajam Burton sanke,1569,synthetic
luper - povoljno,1126,synthetic
Novo: Polar bumper ball sa dostavom,1513,synthetic
stolica za svadbu Pioneer,1429,synthetic
Najam/Iznajmljivanje vodene igre Yamaha,1528,synthetic
prskalica za malter Hilti na dan,1107,synthetic
čistač odvoda Gorenje,1371,synthetic
vibro nabijač Hilti Novi Sad,1208,synthetic
planinski štap Yamaha za vikend,1495,synthetic
presa Makita akcija,1220,synthetic
igre na otvorenom - - izdavanje,1522,synthetic
Rentiranje: Apple oprema za mobilne i tablete,1159,synthetic
Wurth nogari za farbanje - izdavanje,1236,synthetic
plastični zavarivač,1227,synthetic
dijagnostički alat VW na dan,1603,synthetic
Izdajem Hilti rotirajući laser,1075,synthetic
Bose ostalo u šatorima Novi Sad,1461,synthetic
ključ za cevi DeWalt sa dostavom,1218,synthetic
Husqvarna kosilica za vikend,1341,synthetic
Rentiranje: rekviziti,1366,synthetic
sprave za vežbanje Thule,1556,synthetic
DeWalt radni sto,1240,synthetic
Bosch agregat na dan,1024,synthetic
punjač za električni auto - za vikend,1592,synthetic
lenovo laptop Novi Sad,1148,synthetic
Beko putovanje s decom Novi Sad,1401,synthetic
termovizijska kamera Hilti Novi Sad,1080,synthetic
stona brusilica -,1049,synthetic
golf - Beograd,1535,synthetic
Capriolo kampovanje akcija,1489,synthetic
Izdajem krovni kofer za vikend,1595,synthetic
čamac na vesla i dinghy - na dan,1622,synthetic
Bose party rasveta sa dostavom,1417,synthetic
Novo: ostalo u auto opremi Audi,1599,synthetic
računarska oprema Sony,1145,synthetic
Potapajuća drenažna pumpa Maxima 300 SX,1311,real
makita busilica,1181,synthetic
DeWalt kružna testera za metal sa dostavom,1034,synthetic
Najam/Iznajmljivanje autosedište,1393,synthetic
zeleni ekran DJI na dan,1304,synthetic
Najam/iznajmljivanje alata i mašina - TENGE RENT,1010,real
Povoljno čamac na vesla i dinghy VW,1622,synthetic
Najam ostalo u stativima,1303,synthetic
Atlas Copco XAS 27/Kompresor/najam,1191,real
kuhinjski pribor i aparati -,1387,synthetic
Izdajem Wurth merač boja akcija,1102,synthetic
honda agregat,1024,synthetic
stona brusilica -,1049,synthetic
Bosch rekviziti sa dostavom,1366,synthetic
Izdajem Salomon igre na otvorenom Novi Sad,1522,synthetic
Povoljno kancelarija Lux,1269,synthetic
Rentiranje: radioničarska presa,1615,synthetic
baterije i punjači - Beograd,1019,synthetic
Hitno ostalo u farbanju,1110,synthetic
Iznajmljujem DeWalt precizna brusilica Beograd,1050,synthetic
Najam Makita ručna testera Novi Sad,1031,synthetic
Na zajam mašine za šivenje Beko,506,synthetic
Najam epilacija,1404,synthetic
Dyson stilizovanje povoljno,1367,synthetic
glodalica Wurth za vikend,1113,synthetic
parna presa za odeću - - izdavanje,1370,synthetic
Polar violina Novi Sad,1483,synthetic
Najam dvd i blu-ray LG,1243,synthetic
Asus grafička tabla povoljno,1147,synthetic
Yamaha stalak i kabl Novi Sad,1480,synthetic
Iznajmljujem violina Salomon,1483,synthetic
stega i mengel Makita,1084,synthetic
Einhell mašina za graviranje za vikend,1052,synthetic
Rentiranje: Capriolo duvački instrument na dan,1484,synthetic
floorball -,1533,synthetic
podupirac Bosch,1235,synthetic
kolica za gipsane ploče -,1238,synthetic
Novo: dizalica i stalci Bockmann,1606,synthetic
Najam/Iznajmljivanje mini damper,1197,synthetic
Najam/Iznajmljivanje skener za fotografije Samsung,1170,synthetic
Bosch pegla za vikend,1372,synthetic
skijaska oprema Yamaha,1568,synthetic
ključevi i gedore - na dan,1094,synthetic
dečiji bicikli i oprema Gorenje,1394,synthetic
pumpica za balone - za vikend,1462,synthetic
jbl xtreme,1130,synthetic
Najam/Iznajmljivanje Sony digitalna kino kamera akcija,1255,synthetic
ostalo u kući Bosch na dan,509,synthetic
sto za tapete Hilti Beograd,1237,synthetic
Izdajem bure za spaljivanje Stihl,1346,synthetic
ostalo u kuhinji Dyson akcija,1388,synthetic
Rentiranje: Polar ekspedicione sanke - izdavanje,1564,synthetic
stand up paddle Kettler,1546,synthetic
pištolj za lepak - povoljno,1087,synthetic
Apple igrica sa dostavom,1153,synthetic
Izdajem Dyson stilizovanje Novi Sad,1367,synthetic
Iznajmljivanje aparata za kokice kokičar,1454,real
Makita paket za keramiku povoljno,1206,synthetic
Najam/Iznajmljivanje diskokugla,1464,synthetic
rasipač za đubrivo Honda Beograd,1344,synthetic
Novo: uglomer,1062,synthetic
Samsung mobilni telefon Novi Sad,1161,synthetic
Wurth mig aparat - izdavanje,1226,synthetic
Na zajam mrežna oprema,1149,synthetic
Najam Stihl grabulje za nivelisanje,1340,synthetic
jump starter - Novi Sad,1607,synthetic
nameštaj Bosch,1364,synthetic
Izdajem Nikon ostalo u foto i video sa dostavom,310,synthetic
paella tava Pioneer akcija,1437,synthetic
Povoljno Bosch detektor radona Beograd,1074,synthetic
Na zajam Hilti metar,1069,synthetic
pozadina sa motivom - sa dostavom,1306,synthetic
krovna kutija,1595,synthetic
Novo: Gorenje bebi monitor,1390,synthetic
Polar stalak i kabl za vikend,1480,synthetic
Izdajem dji inspire,1137,synthetic
3d štampač DJI akcija,1165,synthetic
Na zajam teleprompter,1266,synthetic
stoni ger za drvo Einhell,1035,synthetic
Hitno košara za vatru Yamaha,1465,synthetic
merač vlage DeWalt,1071,synthetic
ankeri i tiplovi - za vikend,1184,synthetic
BMW jump starter akcija,1593,synthetic
planinarsko oruđe Thule,1496,synthetic
JBL čuvanje odeće - izdavanje,1423,synthetic
Wurth trakasta turpija Novi Sad,1047,synthetic
Najam bar sto,1428,synthetic
razvodni ormar Hilti na dan,1022,synthetic
Najam kancelarija,1269,synthetic
Izdajem pića Bose,1436,synthetic
hokej Yamaha Beograd,1565,synthetic
dečiji bicikl - akcija,1508,synthetic
agregat - povoljno,1024,synthetic
Povoljno sony alpha sa dostavom,1257,synthetic
Najam/Iznajmljivanje skijanje i snowboard,1568,synthetic
Na zajam usisivač za lišće,1319,synthetic
Najam/Iznajmljivanje trimer,1310,synthetic
airsoft - akcija,1511,synthetic
Hilti TE 2000 AVR – izdavanje,1177,real
Povoljno Bose kolica za kobasice sa dostavom,1439,synthetic
Hitno prikolica za čamac Bockmann,1618,synthetic
Gardena stepenik za vikend,1333,synthetic
Rentiranje: alati za točkove i gume Bockmann,1613,synthetic
stona testera - za vikend,1043,synthetic
pokretna skela,1232,synthetic
mašina za balone Yamaha,1416,synthetic
Izdajem party paketi,608,synthetic
Najam/Iznajmljivanje sklopivi stolovi,1431,synthetic
kosacica,1341,synthetic
phantom 4 DJI,1138,synthetic
moment ključ Hilti - izdavanje,1096,synthetic
busilica cekic,1185,synthetic
mašina za bušenje DeWalt akcija,1179,synthetic
Stihl freza Beograd,1324,synthetic
lonac za supu Pioneer,1440,synthetic
softbox i kišobran Canon,1286,synthetic
Hitno stoni fudbal,1516,synthetic
mašina za bušenje kamena Einhell povoljno,1187,synthetic
Iznajmljujem rezač pločica Hilti,1044,synthetic
ostalo u baštenskim mašinama Villager akcija,1328,synthetic
građevinska grabulja Einhell,1210,synthetic
Izdajem Pioneer oprema za voditelja povoljno,1456,synthetic
Iznajmljujem dizalice,1604,synthetic
pinball,1152,synthetic
Iznajmljujem dispenser za šlag Pioneer,1442,synthetic
Najam Salomon klizaljke za vikend,1567,synthetic
Hitno pikamer Hilti,1177,synthetic
Najam/Iznajmljivanje Hilti ručna testera povoljno,1031,synthetic
Villager lopata za sneg Novi Sad,1358,synthetic
Najam/Iznajmljivanje lemilica,1093,synthetic
Makita brusilica za podove,1201,synthetic
Novo: Makita radni sto na dan,1240,synthetic
nosiljka i stolica za bebu - povoljno,1389,synthetic
auto punjac,1587,synthetic
prikolica s pokrivačem - povoljno,1633,synthetic
Iznajmljujem prostirka za igru,1398,synthetic
Najam nosiljka za dete Burton,1491,synthetic
Najam/Iznajmljivanje kolica i oprema Miele,1399,synthetic
Najam/Iznajmljivanje Makita makaze za metal za vikend,1033,synthetic
Povoljno paketi alata Hilti,1010,synthetic
arkadna mašina DJI povoljno,1152,synthetic
Hilti beton i armatura za vikend,1209,synthetic
Novo: klizaljke Thule,1567,synthetic
nosiljka za dete Thule akcija,1491,synthetic
prva pomoc,1583,synthetic
Povoljno kamp prikolica Yamaha,1635,synthetic
Iznajmljujem pokretna skela,1232,synthetic
paket stolovi i stolice - Novi Sad,1430,synthetic
putovanje s decom Gorenje za vikend,1401,synthetic
Na zajam Einhell rezač laminata za vikend,1204,synthetic
gitarni pedal -,1475,synthetic
mašina za drva Husqvarna,1312,synthetic
torba za transport bicikla Burton - izdavanje,1506,synthetic
prekrivači prozora - Novi Sad,1233,synthetic
Audi krovni nosač za vikend,1597,synthetic
skidač izolacije Einhell Novi Sad,1020,synthetic
merdevine za stepenište - za vikend,1331,synthetic
ostalo u aktivnostima -,1457,synthetic
perac pod pritiskom,1322,synthetic
Novo: Wurth ostalo u skelama - izdavanje,1241,synthetic
Stihl ostalo u baštenskim alatima,1362,synthetic
Rentiranje: Salomon invalidska kolica,1585,synthetic
Apple dj oprema akcija,1124,synthetic
kolica za outdoor Kettler,1490,synthetic
Najam Thule planinarsko oruđe,1496,synthetic
kosilica -,1341,synthetic
Iznajmljujem Dyson nameštaj sa dostavom,1364,synthetic
Beko mini rerna na dan,1383,synthetic
rezač dokumenata -,1173,synthetic
Na zajam prikolica za čamac Thule,1625,synthetic
pića Pioneer sa dostavom,1436,synthetic
ukulele - Beograd,1482,synthetic
pojačivač - na dan,1469,synthetic
graficka tabla Philips,1147,synthetic
Hladnjaca izdavanje,1441,real
oštrač noževa Beko povoljno,1382,synthetic
Izdajem ostalo u kamperima,1636,synthetic
Thule ruksak na dan,1486,synthetic
skijaški roleri Thule,1566,synthetic
polirka - Novi Sad,1056,synthetic
jetski - akcija,1620,synthetic
ostalo u auto opremi Audi za vikend,1599,synthetic
Villager lopata za sneg akcija,1358,synthetic
Izdajem paket za podove Makita,1203,synthetic
dslr fotoaparat - Novi Sad,1254,synthetic
Polar outdoor odeća Beograd,1500,synthetic
Iznajmljujem mašina za polaganje kablova Stihl,1336,synthetic
ostalo u putovanjima - povoljno,1580,synthetic
Povoljno prikolica za čamac Audi,1625,synthetic
ostalo u foto i video - Beograd,310,synthetic
Gorenje dečiji bicikli i oprema na dan,1394,synthetic
Hilti kolica za gipsane ploče,1238,synthetic
Hitno kolica za montažu Thule,1600,synthetic
jump starter - - izdavanje,1593,synthetic
party odeca Bose,1425,synthetic
Izdajem prikolica za teret na biciklu Yamaha,1503,synthetic
Iznajmljujem čistač odvoda,1371,synthetic
Novo: alat za decking Hilti,1200,synthetic
ručni kontroler -,1155,synthetic
Novo: Villager sekira Beograd,1345,synthetic
rotirajući laser -,1075,synthetic
Najam Einhell stoni ger za drvo za vikend,1035,synthetic
xbox one HP,1154,synthetic
Pokretna aluminijumska skela 10m - Najam izdavanje renta,1232,real
jastuk za dojenje Beko,1397,synthetic
Povoljno Hilti osciloskop na dan,1073,synthetic
Izdajem bluetooth zvucnik povoljno,1130,synthetic
Panasonic ostalo u stativima,1303,synthetic
Thule jetski akcija,1620,synthetic
wing surf - povoljno,1551,synthetic
tražač greda - - izdavanje,1079,synthetic
Villager stolica-stepenik na dan,1332,synthetic
Aparat za zavarivanje Womax W-MIG/MMA 140,1226,real
macola Einhell - izdavanje,1092,synthetic
Novo: bicikli,1507,synthetic
Na zajam inverter,1015,synthetic
Iznajmljujem palicu za avione logitech 3d pro extrem,1156,real
Wurth plazma rezač za vikend,1039,synthetic
ostale kamere - - izdavanje,1260,synthetic
Villager freza za panjeve Novi Sad,1325,synthetic
Najam/Iznajmljivanje Makita sanipex alati Beograd,1222,synthetic
Izdajem oprema za čamce Thule,1617,synthetic
studijski blic - Novi Sad,1288,synthetic
Pioneer mašina za šećernu vunu akcija,1448,synthetic
Povoljno savijač cevi DeWalt,1219,synthetic
Novo: nikon d850 za vikend,1254,synthetic
LG pametni sat,1162,synthetic
DJI grafoskop,1245,synthetic
Hitno Wurth stona testera sa dostavom,1043,synthetic
Novo: stilizovanje i dekoracija JBL,1467,synthetic
Burton hodalica - izdavanje,1584,synthetic
stoni fudbal - za vikend,1516,synthetic
Izdajem Honda kombinovane merdevine,1329,synthetic
Najam/Iznajmljivanje Sony rigovi i ramena za kameru,1293,synthetic
speed booster - Novi Sad,1287,synthetic
čelo Salomon na dan,1471,synthetic
Villager baštenski drobilica sa dostavom,1314,synthetic
Izdajem visokopritisni perac sa dostavom,1322,synthetic
Hitno dji mavic,1138,synthetic
Povoljno Canon memorijske kartice,308,synthetic
slušalice Philips,1125,synthetic
ostalo u čišćenju i pranju - akcija,1378,synthetic
drum mašina i sampler Yamaha sa dostavom,1472,synthetic
Bockmann dizalica i stalci sa dostavom,1606,synthetic
Najam/Iznajmljivanje Sony grafička tabla na dan,1147,synthetic
Rentiranje: mašina za graviranje Bosch,1052,synthetic
ostalo u dekoraciji Beko povoljno,1368,synthetic
Najam/Iznajmljivanje ostalo u foto i video,310,synthetic
VW ostalo u auto opremi Beograd,1599,synthetic
Iznajmljujem ostalo u ručnim alatima,1099,synthetic
4g ruter -,1144,synthetic
Na zajam Einhell mini damper Novi Sad,1197,synthetic
dji fpv,1136,synthetic
DeWalt vazdušni pištolj - izdavanje,1189,synthetic
oprema za dronove DJI akcija,1134,synthetic
Najam Makita radni sto na dan,1240,synthetic
mirrorless DJI,1257,synthetic
električni surfboard -,1542,synthetic
Novo: Samsung slajd projektor sa dostavom,1248,synthetic
visoki sto,1428,synthetic
štake - sa dostavom,1581,synthetic
Sony kran i jib Beograd,1296,synthetic
stega i mengel DeWalt,1084,synthetic
Wurth glodalica,1113,synthetic
gradjevinska skela,1232,synthetic
ostalo u održavanju travnjaka - za vikend,1342,synthetic
skener Asus sa dostavom,1172,synthetic
Honda alati za čišćenje oluka,1315,synthetic
rezač dokumenata - - izdavanje,1173,synthetic
grafička tabla Sony Novi Sad,1147,synthetic
party odeća Bose,1425,synthetic
centrifuga za med - Novi Sad,1381,synthetic
Vibro ploca 90kg (guma za behaton),1208,real
teleprompter -,1266,synthetic
Rentiranje: Bosch rezač pločica za vikend,1205,synthetic
računarska oprema - za vikend,1145,synthetic
Rentiranje: BMW punjač za električni auto sa dostavom,1592,synthetic
JLG N40 – 14m TELESKOPSKA PLATFORMA,1193,real
Novo: invalidska kolica,1585,synthetic
dvogled Salomon,1488,synthetic
Novo: Makita merač energije povoljno,1064,synthetic
ostalo za decu - Beograd,1402,synthetic
teleprompter - na dan,1266,synthetic
Najam monopod DJI,1299,synthetic
oprema za dronove Apple Beograd,1134,synthetic
Rentiranje: mig aparat Hilti,1226,synthetic
mini damper -,1197,synthetic
Izdajem Yamaha punjač za električni auto akcija,1592,synthetic
Najam/Iznajmljivanje Hilti električni aparat za zavarivanje Beograd,1224,synthetic
tow dolly VW - izdavanje,1632,synthetic
Najam Thule ruksak - izdavanje,1486,synthetic
ostalo u testerama Bosch povoljno,1045,synthetic
Na zajam alat za lanac motocikla Thule,1608,synthetic
prikolica za motocikl Audi,1638,synthetic
ključ - Beograd,1098,synthetic
Najam/Iznajmljivanje BMW prikolica za drvo - izdavanje,1631,synthetic
dubinsko pranje,1369,synthetic
Iznajmljujem penjanje,1531,synthetic
Hilti pijuk za vikend,1085,synthetic
Rentiranje: Burton hokej,1565,synthetic
Busac za rupe u zemlji,1211,real
pos terminali -,209,synthetic
Apple dji fpv povoljno,1136,synthetic
Husqvarna gvozdena šipka povoljno,1351,synthetic
stono rende - Beograd,1115,synthetic
Najam/Iznajmljivanje sanke Polar,1569,synthetic
Iznajmljujem Yamaha kolica za outdoor akcija,1490,synthetic
Dyson ostalo u kući - izdavanje,509,synthetic
Rentiranje: udarna busilica - izdavanje,1181,synthetic
pumpa za majčino mleko,1392,synthetic
Novo: čistač krova,1323,synthetic
Na zajam Bosch pumpa za majčino mleko Novi Sad,1392,synthetic
Najam projektor,1246,synthetic
Gorenje sokovnik na paru - izdavanje,1386,synthetic
DeWalt stub bušilica povoljno,1183,synthetic
Povoljno stihl motorka akcija,1309,synthetic
Iznajmljujem Wurth udarni ključ za vikend,1182,synthetic
Stihl visokotlačni perač Novi Sad,1322,synthetic
FLEX WST 700 + Hilti VC 40 usisivač + FLEX GM 340 – izdavanje,1051,real
savijač cevi - povoljno,1219,synthetic
obične merdevine Gardena Beograd,1330,synthetic
zeleni ekran - - izdavanje,1304,synthetic
Najam Honda kolica za baštu Novi Sad,1356,synthetic
Najam/Iznajmljivanje sobni bicikl Burton,1555,synthetic
Izdajem vitlo Bosch,1122,synthetic
speed booster GoPro,1287,synthetic
Najam/Iznajmljivanje nosač za automobil,1294,synthetic
Polar hokej za vikend,1565,synthetic
arkada,1152,synthetic
oprema za lavine Polar povoljno,1563,synthetic
Iznajmljivanje Ventilatora Beograd,105,real
diesel agregat Beograd,1024,synthetic
štafelaj - za vikend,1514,synthetic
Novo: ostalo u prikolicama,1634,synthetic
DeWalt kalemovi i električni kablovi akcija,1021,synthetic
Rentiranje: merač boja DeWalt,1102,synthetic
Hitno nosiljka za kućnog ljubimca Capriolo,1575,synthetic
xbox one,1154,synthetic
Hitno paella tava,1437,synthetic
Rentiranje: DJI oprema za objektive sa dostavom,1280,synthetic
VW ostalo u motociklima - izdavanje,1639,synthetic
Hitno mešalica boje,1100,synthetic
Iznajmljujem košara za vatru Bose,1465,synthetic
Godox kompaktni fotoaparat za vikend,1253,synthetic
party odeca,1425,synthetic
Helikopter za ravnjanje betona 1m – HANMR,1209,real
čistač terasa - za vikend,1320,synthetic
bazen sa mehurićima Pioneer - izdavanje,1446,synthetic
Godox baterije za kamere Novi Sad,307,synthetic
Izdajem monopod,1299,synthetic
Povoljno Bose karaoke,1452,synthetic
Hitno pagoda sator,1459,synthetic
Bosch čistač odvoda na dan,1371,synthetic
prikolica za motocikl Yamaha za vikend,1638,synthetic
Najam/Iznajmljivanje dji spark,1141,synthetic
Bosch sanipex alati,1222,synthetic
Rentiranje bagera i utovrarivaca,1195,real
Honda grabulje za nivelisanje Beograd,1340,synthetic
štake -,1581,synthetic
Povoljno JBL zvuk za vikend,1419,synthetic
Sony blic za vikend,1282,synthetic
Iznajmljujem dečiji nameštaj,1396,synthetic
Novo: ostalo u mernim instrumentima,1082,synthetic
Hitno Apple ostalo u projektorima i tv,1251,synthetic
violina - na dan,1483,synthetic
Na zajam konzola,1154,synthetic
ostalo u nameštaju za proslave -,1432,synthetic
Iznajmljivanje Hladnjaca Šabac i okolina,1441,real
otvorena prikolica - za vikend,1630,synthetic
Najam/Iznajmljivanje kolica za montažu,1600,synthetic
Apple podvodni dronovi Novi Sad,1142,synthetic
Na zajam Bose dečija odeća sa dostavom,1422,synthetic
listna brusilica Einhell,1057,synthetic
Najam pegla Bosch,1372,synthetic
Najam/Iznajmljivanje aerator sa šupljim klinovima,1350,synthetic
koktel sto,1428,synthetic
Rentiranje: rampa Yamaha,1611,synthetic
Najam/Iznajmljivanje air track,1510,synthetic
Izdajem paket za keramiku,1206,synthetic
pumpa za odvodnjavanje - povoljno,1311,synthetic
ostalo u kancelarijskim mašinama Philips,1174,synthetic
Polar ostalo u putovanjima Beograd,1580,synthetic
Na zajam stilizovanje kose Beko,1405,synthetic
Najam/Iznajmljivanje Vibro igla (220V),1209,real
Novo: vakuum tester,1612,synthetic
Najam/Iznajmljivanje laptop LG,1148,synthetic
Hilti TE 1500 AVR - izdavanje,1177,real
ic termometar Wurth,1065,synthetic
kutije za selidbu - Beograd,1407,synthetic
odbojka na pesku - sa dostavom,1530,synthetic
Povoljno Yamaha ostalo u dekoraciji - izdavanje,1468,synthetic
Povoljno prva pomoć i cpr,1583,synthetic
električna invalidska kolica Burton sa dostavom,1582,synthetic
Hilti tražač kabla na dan,1063,synthetic
odeća za vodene sportove - za vikend,1549,synthetic
mikroskop Kettler,1521,synthetic
šator 0-23 m² - Beograd,1458,synthetic
slike - Beograd,1365,synthetic
radio stanice i toki-voki LG akcija,207,synthetic
savijač cevi,1219,synthetic
zeleni ekran Panasonic - izdavanje,1304,synthetic
dslr Nikon,1254,synthetic
utovarivač - sa dostavom,1196,synthetic
Hitno canon dslr povoljno,1254,synthetic
Polar kajak akcija,1544,synthetic
multimetar Wurth na dan,1072,synthetic
reket sportovi - akcija,1537,synthetic
dizalice Audi za vikend,1604,synthetic
Rentiranje: GoPro slajder i dolly Novi Sad,1300,synthetic
Honda pobijač stubova sa dostavom,1354,synthetic
prikolica s pokrivačem VW - izdavanje,1633,synthetic
Iznajmljujem muzički instrumenti Samsung,1128,synthetic
lonci i tiganje Miele Novi Sad,1384,synthetic
Iznajmljujem nikon dslr,1254,synthetic
Hitno ostali objektivi GoPro,1281,synthetic
autosedište - - izdavanje,1591,synthetic
reflektorski ekran Godox za vikend,1284,synthetic
termopresa Salomon za vikend,1517,synthetic
lonac za supu - akcija,1440,synthetic
Hitno Makita ubodna testera za vikend,1032,synthetic
BMW radioničarska dizalica povoljno,1614,synthetic
Hitno Pioneer dečija odeća za vikend,1422,synthetic
Hitno freza Husqvarna,1324,synthetic
Novo: Capriolo nosiljka za kućnog ljubimca povoljno,1575,synthetic
vibro nabijac,1208,synthetic
Najam grejač bočica,1391,synthetic
Povoljno dvd i blu-ray,1243,synthetic
Najam/Iznajmljivanje objektivi za srednji format,1278,synthetic
Rentiranje: pištolj za klamerice,1215,synthetic
platforma za prevoz - za vikend,1120,synthetic
Povoljno prikolica za motocikl Yamaha,1629,synthetic
pinball Apple,1152,synthetic
beton i armatura - za vikend,1209,synthetic
Najam/Iznajmljivanje torba za transport bicikla Salomon,1506,synthetic
Iznajmljujem merač protoka vazduha,1060,synthetic
Najam/Iznajmljivanje Polar vozila za hobi Novi Sad,1518,synthetic
detektor kablova za robotske kosilice - Novi Sad,1335,synthetic
Iznajmljujem Hilti paletni viljuškar povoljno,1119,synthetic
gasni aparat za zavarivanje Hilti sa dostavom,1225,synthetic
glava tronošca Panasonic na dan,1302,synthetic
Novo: ostalo u računarima Asus,1151,synthetic
svrdlo za zemlju Hilti,1211,synthetic
Hitno sto za tapete DeWalt,1237,synthetic
Na zajam dizalica za motocikl Yamaha,1609,synthetic
Elektro-pneumatski čekić Bosch GBH 2-28 F; SDS-plus,1185,real
Hitno Sony 4g ruter sa dostavom,1144,synthetic
Vibro ploca Bomag 120kg,1208,real
kercer,1322,synthetic
LG dji fpv povoljno,1136,synthetic
Najam/iznajmljivanje motornog trimera za travu,1310,real
Hitno kamkorder,1252,synthetic
projekciono platno - Novi Sad,1247,synthetic
Rentiranje: zaštita od štetočina Villager,1352,synthetic
kuhinjski pribor i aparati - Beograd,1387,synthetic
platforma za rad na visini - akcija,1193,synthetic
Rentiranje: Stihl kontrola korova,1360,synthetic
Beko dečiji bicikli i oprema na dan,1394,synthetic
Na zajam savijač cevi,1219,synthetic
Najam/Iznajmljivanje Wurth mašina za skidanje podova na dan,1202,synthetic
simulator oprema Asus,1156,synthetic
Audio guestbook,1133,real
Stihl mašina za polaganje kablova akcija,1336,synthetic
lanci za sneg VW akcija,1598,synthetic
Bosch kružna testera za metal Beograd,1034,synthetic
kokičar Bose,1454,synthetic
masina za secernu vunu Bose,1448,synthetic
Polar termopresa za vikend,1517,synthetic
lemilica Einhell na dan,1093,synthetic
Novo: gitara Novi Sad,1474,synthetic
ncs karta boja - Beograd,1101,synthetic
Novo: građevinska skela Hilti,1232,synthetic
penjanje -,1531,synthetic
Makita čekić - izdavanje,1088,synthetic
Najam/Iznajmljivanje Pioneer party paketi za vikend,608,synthetic
putni adapter Polar - izdavanje,1578,synthetic
Hitno ostalo u elektronici,210,synthetic
Najam/Iznajmljivanje Makita viljuškar akcija,1117,synthetic
ostale kamere Panasonic Novi Sad,1260,synthetic
prskalica za malter - akcija,1107,synthetic
Izdajem Beko varenje piva i vinarstvo Novi Sad,1379,synthetic
vaga DeWalt na dan,1076,synthetic
Najam gibson na dan,1474,synthetic
punjač baterija za vozila - na dan,1587,synthetic
Povoljno sony a7 sa dostavom,1257,synthetic
paella tava Bose Beograd,1437,synthetic
Rentiranje: Capriolo ostalo u outdoor-u za vikend,1502,synthetic
Capriolo lov i ribolov akcija,1497,synthetic
barski sto JBL,1428,synthetic
paddleboard Capriolo,1546,synthetic
Izdajem Asus laptop,1148,synthetic
lonci i tiganje - Beograd,1384,synthetic
prva pomoc Thule,1583,synthetic
Polar air track,1510,synthetic
Najam Polar bumper ball na dan,1513,synthetic
Renta skuter za dostavu Wolt Glovo 125cc – Beograd,808,real
Panasonic softbox i kišobran,1286,synthetic
Rentiranje: makaze za živicu Husqvarna,1316,synthetic
Hilti TE 800 AVR - izdavanje,1177,real
Sony XP500 i Sony XV500 bluetooth zvucnici,1130,real
prikolica za čamac Bockmann Novi Sad,1618,synthetic
Novo: grejalice i pečurke Pioneer,609,synthetic
lift za suvi zid Wurth,1234,synthetic
termovizijska kamera - za vikend,1080,synthetic
Novo: penjanje po snegu i ledu Polar,1570,synthetic
Povoljno oprema za objektive,1280,synthetic
Novo: električni aparat za zavarivanje,1224,synthetic
Bosch gradilišna ograda - izdavanje,1231,synthetic
Najam pumpica za balone Bose,1462,synthetic
Na zajam GoPro mirrorless objektivi povoljno,1279,synthetic
Malčer za krčenje,1328,real
mašina za skidanje podova - sa dostavom,1202,synthetic
gorillapod Nikon na dan,1298,synthetic
Povoljno Burton klavijatura,1477,synthetic
Na zajam merač boja Einhell,1102,synthetic
ATV Kvad - CFMoto 625,808,real
Najam/Iznajmljivanje merač krvnog pritiska,1403,synthetic
Asus oprema za mobilne i tablete - izdavanje,1159,synthetic
mašina za šećernu vunu,1448,synthetic
Izdajem Pioneer kokičar - izdavanje,1454,synthetic
Hitno desktop računar Samsung,1146,synthetic
Izdajem Salomon električni surfboard Novi Sad,1542,synthetic
rigovi i ramena za kameru - - izdavanje,1293,synthetic
razvodni ormar Bosch,1022,synthetic
blic - Beograd,1282,synthetic
Bose stolice za proslave na dan,1429,synthetic
Rentiranje: karaoke Bose,1452,synthetic
Na zajam mašina za bušenje,1179,synthetic
Na zajam DJI konzola akcija,1154,synthetic
Kettler kolica za outdoor povoljno,1490,synthetic
Novo: Nikon memorijske kartice Beograd,308,synthetic
Iznajmljujem sveća i svećnjak,1463,synthetic
brusilica za podove - - izdavanje,1201,synthetic
traktor - povoljno,1198,synthetic
Thule nosač bicikla akcija,1504,synthetic
grejač bočica Karcher,1391,synthetic
Novo: DeWalt vakuumski podizač stakla Beograd,1118,synthetic
Yamaha ostalo u igranju i hobiju sa dostavom,1529,synthetic
Izdajem Samsung konzola Novi Sad,1154,synthetic
medaljon stolica sa dostavom,1429,synthetic
Najam/Iznajmljivanje Yamaha punjač baterija za vozila,1587,synthetic
Povoljno igrica,1153,synthetic
Salomon poker set,1524,synthetic
pametni zvučnik Samsung na dan,1018,synthetic
masina za dim,1418,synthetic
Iznajmi agregat 30 kw,1024,real
pištolj za boju DeWalt,1105,synthetic
kalemovi i električni kablovi Hilti sa dostavom,1021,synthetic
HP rezač papira Beograd,1169,synthetic
digitalna kino kamera - - izdavanje,1255,synthetic
motorna testera - Novi Sad,1309,synthetic
Hitno crosstrainer,1553,synthetic
dji mavic Asus,1139,synthetic
nosač bicikla na automobilu - za vikend,1588,synthetic
Hitno cepač drva,1318,synthetic
motorni čamac - akcija,1621,synthetic
Wurth presa - izdavanje,1220,synthetic
Iznajmljujem mini damper,1197,synthetic
Izdajem električna invalidska kolica Polar,1582,synthetic
vrtlarska testera i škare Gardena Beograd,1355,synthetic
Rentiranje: detektor kablova za robotske kosilice Husqvarna,1335,synthetic
Viljuškar,1117,real
kolica za gipsane ploče DeWalt,1238,synthetic
Novo: arkadna mašina,1152,synthetic
Canon pozadina sa uzorkom akcija,1307,synthetic
starter baterija,1587,synthetic
Povoljno ostalo u kuhinji Karcher,1388,synthetic
Novo: GoPro objektivi za srednji format,1278,synthetic
prva pomoć i cpr Thule akcija,1583,synthetic
Najam Sony dji mavic Novi Sad,1138,synthetic
ostalo u vodenim sportovima Salomon,1552,synthetic
Panasonic follow focus i nosač objektiva povoljno,1263,synthetic
mašina za laminiranje - akcija,1167,synthetic
Povoljno mašina za tetoviranje Kettler,1526,synthetic
Iznajmljivanje medaljon stolica,1429,real
Bose ostalo u aktivnostima Beograd,1457,synthetic
Najam/Iznajmljivanje čistač krova Honda,1323,synthetic
Makita rezač pločica,1044,synthetic
Novo: simulator oprema DJI,1156,synthetic
sveća i svećnjak -,1463,synthetic
karcher tepih,1369,synthetic
Sony skener akcija,1172,synthetic
Hitno šipka za zgibove Salomon,1559,synthetic
pametni zvučnik -,1018,synthetic
pištolj za eksere Wurth - izdavanje,1214,synthetic
Sony oprema za dronove za vikend,1134,synthetic
Suknje korseti venčanice,1425,real
Izdajem pos terminali LG,209,synthetic
gimbali i stabilizatori DJI povoljno,1297,synthetic
kompresor,1191,synthetic
Standard parking i garaža Beograd,1270,synthetic
rampa - - izdavanje,1611,synthetic
cpr trening,1583,synthetic
Povoljno kompresor,1191,synthetic
Novo: prikolica sa kavezom,1626,synthetic
stolica za svadbu na dan,1429,synthetic
Novo: Hilti fotometar za vikend,1068,synthetic
stege i hvatači - - izdavanje,1295,synthetic
Kettler koferi povoljno,1577,synthetic
Izdajem Yamaha paintball na dan,1523,synthetic
Najam/Iznajmljivanje ribolov magnetom,1520,synthetic
HP 3d štampač za vikend,1165,synthetic
Hilti agregat na dan,1024,synthetic
Rentiranje: Burton ronilačka oprema akcija,1541,synthetic
Salomon ostalo u putovanjima,1580,synthetic
Hilti ostalo u farbanju sa dostavom,1110,synthetic
starter baterija Yamaha,1587,synthetic
ostalo u brušenju,1058,synthetic
trampolin Yamaha za vikend,1527,synthetic
sklopivi stolovi - na dan,1431,synthetic
prikolica za dete (bicikl) - sa dostavom,1505,synthetic
aerator sa šupljim klinovima - povoljno,1350,synthetic
Na zajam kompaktni fotoaparat,1253,synthetic
inverter Asus,1015,synthetic
Izdajem igre na otvorenom Burton,1522,synthetic
Hitno monopod Sony,1299,synthetic
stepenik - Novi Sad,1333,synthetic
Hitno dslr objektivi,1276,synthetic
Izdajem Canon ostalo u stativima na dan,1303,synthetic
Iznajmljujem vozila za hobi,1518,synthetic
invalidska kolica,1585,synthetic
Pioneer stilizovanje i dekoracija - izdavanje,1467,synthetic
Bosch skidač izolacije,1020,synthetic
parna mašina za čišćenje Dyson - izdavanje,1374,synthetic
Makita burgije povoljno,1178,synthetic
beton i armatura,1209,synthetic
Dyson nameštaj na dan,1364,synthetic
desktop računar - povoljno,1146,synthetic
Rentiranje: Kettler skijanje i snowboard,1568,synthetic
kutije za selidbu - za vikend,1407,synthetic
Einhell pištolj za klamerice akcija,1215,synthetic
Profesionalna rasveta za snimanje GODOX ML60BI / Softbox / Ringlights / Led stap,1289,real
Najam/Iznajmljivanje ostalo u građevinskoj mehanizaciji,1199,synthetic
Wurth građevinska grabulja,1210,synthetic
gimbal za mobilni Samsung,1160,synthetic
Gorenje dečija odeća povoljno,1395,synthetic
pancerice Thule,1568,synthetic
Na zajam Yamaha ostalo u ketering kuhinji za vikend,1443,synthetic
dečiji bicikli i oprema Dyson akcija,1394,synthetic
aerator sa šupljim klinovima -,1350,synthetic
Najam/Iznajmljivanje walker,1584,synthetic
Najam/Iznajmljivanje kolica za teret,1410,synthetic
Karcher centrifuga za med akcija,1381,synthetic
nosiljka za kućnog ljubimca Yamaha Beograd,1575,synthetic
Rentiranje: pića Pioneer,1436,synthetic
putni adapter - za vikend,1578,synthetic
Najam/Iznajmljivanje Hilti set bitova povoljno,1176,synthetic
Hitno posuđe i pribor za jelo,1441,synthetic
Povoljno prva pomoc povoljno,1583,synthetic
Novo: radna rasveta Bosch,1012,synthetic
Iznajmljujem Samsung mikrofon Novi Sad,1127,synthetic
penjanje - povoljno,1531,synthetic
pijuk - Beograd,1085,synthetic
Iznajmljujem ostalo u mobilnosti,1586,synthetic
Dyson merač krvnog pritiska,1403,synthetic
Novo: pijuk,1085,synthetic
Izdajem dehidrator hrane,1380,synthetic
nosač tereta za kuku - sa dostavom,1594,synthetic
Rentiranje: ostala vozila Thule,808,synthetic
Na zajam ostalo u outdoor-u Thule,1502,synthetic
Rentiranje: Canon blic Beograd,1282,synthetic
Rentiranje: šator 0-23 m²,1458,synthetic
speed booster Godox,1287,synthetic
baštensko crevo Husqvarna akcija,1348,synthetic
mašina za dim Pioneer na dan,1418,synthetic
Novo: lemilica,1093,synthetic
Najam/Iznajmljivanje ostalo u kuhinji,1388,synthetic
Hitno JBL ostalo u ketering kuhinji na dan,1443,synthetic
Bosch presa - izdavanje,1041,synthetic
Asus ostali dronovi Novi Sad,1143,synthetic
Najam Samsung arkadna mašina Beograd,1152,synthetic
pikamer,1177,synthetic
Rentiranje: oštrač noževa Gorenje,1382,synthetic
Novo: granita povoljno,1451,synthetic
Najam gorillapod,1298,synthetic
DeWalt ostalo u skelama na dan,1241,synthetic
Najam ostalo u brušenju Bosch,1058,synthetic
Hilti detektor radona na dan,1074,synthetic
ostalo u komprimovanom vazduhu Makita,1192,synthetic
sanke - povoljno,1569,synthetic
krovni nosac Audi,1597,synthetic
sladoled i slush mašine Yamaha akcija,1451,synthetic
Einhell lemilica,1093,synthetic
Povoljno detektor radona,1074,synthetic
rampa BMW Novi Sad,1611,synthetic
Rentiranje: kolica za prevoz Villager,1361,synthetic
igračke - Novi Sad,1400,synthetic
Najam/Iznajmljivanje kolica za teret Beko,1410,synthetic
Iznajmljujem teleskopske merdevine Gardena,1334,synthetic
Na zajam traktor Einhell,1198,synthetic
gitarni pedal Capriolo povoljno,1475,synthetic
detektor metala - akcija,1070,synthetic
Rentiranje: berač voća Gardena,1347,synthetic
Najam/Iznajmljivanje Husqvarna mašina za drva sa dostavom,1312,synthetic
vikendica Lux,1268,synthetic
Nikon ostale kamere za vikend,1260,synthetic
Najam/Iznajmljivanje Yamaha oprema za voditelja - izdavanje,1456,synthetic
Izdajem Philips dji avata sa dostavom,1135,synthetic
visokopritisni perac Husqvarna,1322,synthetic
Thule masaža Novi Sad,1558,synthetic
mašine za šivenje Karcher sa dostavom,506,synthetic
Novo: diskoteka rasveta - izdavanje,1417,synthetic
oprema za čamce,1617,synthetic
mašina za skidanje podova - za vikend,1202,synthetic
jbl party box,1130,synthetic
Na zajam ostalo u testerama DeWalt,1045,synthetic
Sklopivi sto za kampovanje i 4 stolice,1490,real
ostalo u bušilicama i šrafilicama - - izdavanje,1188,synthetic
gitara Capriolo,1474,synthetic
Najam motociklistička oprema,1637,synthetic
Iznajmljujem ostalo u vežbanju i teretani Thule,1562,synthetic
diskoteka rasveta Bose,1417,synthetic
Na zajam Capriolo klizaljke Beograd,1567,synthetic
Kante za smeće iznajmljivanje,610,real
Najam/Iznajmljivanje perac pritiskom povoljno,1322,synthetic
Najam Wurth ostalo u zavarivanju Novi Sad,1229,synthetic
robot za bazen Honda Novi Sad,1321,synthetic
Najam/Iznajmljivanje monopod Canon,1299,synthetic
Na zajam Makita precizna brusilica za vikend,1050,synthetic
Iznajmljujem JBL kokičar za vikend,1454,synthetic
Wacker Neuson GV 2500 - agregat 3.6 kw - izdavanje,1024,real
Hitno Hilti ostale brusilice Novi Sad,1059,synthetic
Najam/Iznajmljivanje Thule dečiji bicikl,1508,synthetic
Pioneer chafing dish Novi Sad,1434,synthetic
Iznajmljivanje isušivača za vlagu,105,real
BMW transporter za automobile Beograd,1627,synthetic
ostalo u foto i video GoPro - izdavanje,310,synthetic
igračke Dyson Novi Sad,1400,synthetic
ostalo u komprimovanom vazduhu DeWalt za vikend,1192,synthetic
Najam Stihl ostalo u bašti na dan,406,synthetic
Povoljno kajak,1544,synthetic
Na zajam Yamaha drum mašina i sampler sa dostavom,1472,synthetic
zvučna kartica - za vikend,1131,synthetic
Povoljno kombinovana testera,1029,synthetic
detektor metala - povoljno,1070,synthetic
Hitno airsoft Capriolo,1511,synthetic
Bosch glodalica Beograd,1113,synthetic
Iznajmljujem ostalo u odeći Pioneer,1426,synthetic
Najam/Iznajmljivanje jump starter VW,1607,synthetic
Wurth bager Novi Sad,1195,synthetic
DJI konzola sa dostavom,1154,synthetic
Novo: LG media plejeri - izdavanje,1244,synthetic
Iznajmljujem Apple štampač nalepnica,1166,synthetic
Novo: lonci i tiganje Karcher,1384,synthetic
Hitno skije na dan,1568,synthetic
ostale brusilice - za vikend,1059,synthetic
košara za vatru JBL,1465,synthetic
oštrač noževa - Novi Sad,1382,synthetic
Na zajam Yamaha hodalica akcija,1584,synthetic
Povoljno dečiji bicikl Kettler,1508,synthetic
instrumentalni mikrofon Burton sa dostavom,1476,synthetic
agregat za struju Makita,1024,synthetic
stolica za svadbu,1429,synthetic
igre na otvorenom Kettler,1522,synthetic
Yamaha klavijatura Beograd,1477,synthetic
berba šumskih plodova - akcija,1487,synthetic
Izdajem mašinica za šišanje pasa,1412,synthetic
Iznajmljujem solarni punjač,1163,synthetic
mavic air,1139,synthetic
termopresa Thule,1517,synthetic
Na zajam Villager ostalo u baštenskim alatima,1362,synthetic
Najam/iznajmljivanje monofaznog agregata 7kVA,1024,real
JBL party rasveta,1417,synthetic
Mobilne hladnjače,1441,real
Povoljno Polar zimska odeća povoljno,1572,synthetic
Iznajmljujem jedriličarska odeća,1624,synthetic
oprema za lavine Salomon Novi Sad,1563,synthetic
akumulatorska busilica Makita,1181,synthetic
Profesionalni sušač vazduha Trotec TTK 350 S,105,real
Na zajam ostalo u kamperima,1636,synthetic
paket stolovi i stolice JBL povoljno,1430,synthetic
Pioneer stolice za proslave Novi Sad,1429,synthetic
Najam/Iznajmljivanje invalidska kolica Novi Sad,1585,synthetic
Najam/Iznajmljivanje Makita radni sto na dan,1240,synthetic
pobijač stubova,1354,synthetic
šator 0-23 m² - Beograd,1458,synthetic
jakuzi Pioneer Beograd,1450,synthetic
Iznajmljujem sds cekic akcija,1185,synthetic
Najam Audi nosač za kanu i kajak sa dostavom,1589,synthetic
Capriolo pojas za hidrataciju na dan,1557,synthetic
Na zajam Samsung dji phantom za vikend,1140,synthetic
Rentiranje: Hilti radna rasveta,1012,synthetic
filmska kamera - akcija,1256,synthetic
Iznajmljujem akusticna gitara povoljno,1474,synthetic
Najam Miele pumpa za majčino mleko Beograd,1392,synthetic
Audi ostalo u auto opremi za vikend,1599,synthetic
Najam Stihl zaštita od štetočina na dan,1352,synthetic
Najam/Iznajmljivanje stub bušilica Bosch,1183,synthetic
Pioneer dispenser za šlag povoljno,1442,synthetic
Na zajam ostalo u zvuku,1133,synthetic
floorball - Novi Sad,1533,synthetic
Novo: Wurth ugaona bušilica povoljno,1175,synthetic
Na zajam kombinovane merdevine,1329,synthetic
Na zajam glodalica Einhell,1113,synthetic
Na zajam Bosch ventilacija i grejanje na dan,105,synthetic
štampač nalepnica - za vikend,1166,synthetic
Novo: kinematografski prime objektivi,1274,synthetic
mešalica boje -,1100,synthetic
nosač tereta za kuku Bockmann na dan,1594,synthetic
prikolica za drvo BMW na dan,1631,synthetic
Iznajmljujem ostalo u rasveti i dimu Yamaha,1421,synthetic
Novo: brusilica za suvi zid Wurth,1051,synthetic
VW jedrilica,1623,synthetic
prikolica sa kavezom VW povoljno,1626,synthetic
Stihl čistač krova za vikend,1323,synthetic
pametni zvučnik Asus - izdavanje,1018,synthetic
Povoljno vakuum tester,1612,synthetic
dim masina,1418,synthetic
Najam/Iznajmljivanje akumulatorska busilica sa dostavom,1181,synthetic
svrdlo za zemlju -,1211,synthetic
Salomon snowracer sa dostavom,1571,synthetic
Salomon prikolica za teret na biciklu akcija,1503,synthetic
Povoljno udarni odvijač,1089,synthetic
ubodna testera Einhell sa dostavom,1032,synthetic
jump starter BMW,1587,synthetic
ostali prostori Standard Novi Sad,1273,synthetic
Najam narezač,1040,synthetic
sabljasta testera - povoljno,1042,synthetic
Makita ključ - izdavanje,1098,synthetic
snowboard,1568,synthetic
tester pritiska - povoljno,1221,synthetic
Thule wing surf,1551,synthetic
Novo: prva pomoć i cpr Burton,1583,synthetic
Pikado Iznajmljivanje,1457,real
Burton masaža,1558,synthetic
Novo: ostalo u selidbi Bosch,1411,synthetic
Sony dji phantom za vikend,1140,synthetic
"Drveni stolovi i klupe,pivski set",1430,real
jedriličarska odeća VW za vikend,1624,synthetic
visokotlačni perač - Beograd,1322,synthetic
Novo: freza za panjeve,1325,synthetic
Najam/Iznajmljivanje presa DeWalt,1041,synthetic
Na zajam Bosch mašina za bušenje kamena - izdavanje,1187,synthetic
Gorenje igračke - izdavanje,1400,synthetic
Povoljno studijska lampa DJI,1289,synthetic
kutija za valjak - Beograd,1108,synthetic
gasni aparat za zavarivanje Bosch Beograd,1225,synthetic
Karcher čistač prozora akcija,1377,synthetic
ostalo u skelama Hilti akcija,1241,synthetic
Najam/Iznajmljivanje DeWalt oscilirajući višenamenski alat / multialat - izdavanje,1038,synthetic
perac pritiskom,1322,synthetic
Bose bina sa dostavom,1420,synthetic
ostalo u biciklizmu - Beograd,1509,synthetic
Karcher kolica za selidbu sa dostavom,1408,synthetic
Najam/Iznajmljivanje Bosch rezač cevi,1217,synthetic
photo booth Pioneer za vikend,1453,synthetic
Wurth orbitalna brusilica,1055,synthetic
Rentiranje: parocistac sa dostavom,1374,synthetic
Rentiranje: ručno rende,1111,synthetic
Iznajmljivanje ventilatora na vodu,105,real
Gardena stepenik za vikend,1333,synthetic
Na zajam Salomon ostalo u vodenim sportovima za vikend,1552,synthetic
Hitno wacom povoljno,1147,synthetic
Najam/Iznajmljivanje Salomon surfanje akcija,1547,synthetic
sobni bicikl Kettler za vikend,1555,synthetic
sto za tapete - akcija,1237,synthetic
Najam/Iznajmljivanje Bušilica,1181,real
baštenski drobilica Husqvarna akcija,1314,synthetic
Bosch pomoćni krevet na dan,1363,synthetic
Povoljno DJI foto štampač sa dostavom,1264,synthetic
instrumentalni mikrofon Thule,1476,synthetic
yoga prostirka - akcija,1561,synthetic
ostalo u putovanjima -,1580,synthetic
JBL crveni tepih - izdavanje,1466,synthetic
Hitno softbox i kišobran,1286,synthetic
Hitno Karcher prostirka za igru povoljno,1398,synthetic
Najam/Iznajmljivanje roleri,1536,synthetic
Hitno Karcher dečija odeća za vikend,1395,synthetic
dizalice -,1604,synthetic
Wacker PG 2 – najam - profesionalna pumpa za vodu,1311,real
cpr trening Salomon,1583,synthetic
specijalni kofer Polar Beograd,1576,synthetic
gitara,1474,synthetic
Poluprofesionalni trimer za živu ogradu Stihl HS 56C,1316,real
skidač tapeta -,1109,synthetic
Rentiranje: JBL pizza peć sa dostavom,1438,synthetic
oprema za voditelja - povoljno,1456,synthetic
Povoljno mikroskop Kettler,1521,synthetic
termopresa Polar akcija,1517,synthetic
Novo: kamp prikolica,1635,synthetic
masina za secernu vunu - izdavanje,1448,synthetic
jahanje Yamaha,1532,synthetic
Wurth prekrivači prozora - izdavanje,1233,synthetic
nikon d850 Sony,1254,synthetic
Rentiranje: Bosch varenje piva i vinarstvo povoljno,1379,synthetic
Rentiranje: transporter za automobile,1627,synthetic
grafička tabla LG,1147,synthetic
Iznajmljivanje pagoda,1459,real
Izdajem rekviziti Karcher,1366,synthetic
Povoljno stol za glodalicu Bosch,1114,synthetic
Povoljno berba šumskih plodova,1487,synthetic
Najam/Iznajmljivanje DJI follow focus i nosač objektiva,1263,synthetic
električni surfboard -,1542,synthetic
Novo: glodalica Hilti,1113,synthetic
Husqvarna bure za spaljivanje sa dostavom,1346,synthetic
Izdajem oprema za voditelja Yamaha,1456,synthetic
mašina za polaganje kablova - za vikend,1336,synthetic
reflektorski ekran - sa dostavom,1284,synthetic
Najam/Iznajmljivanje prskalica za malter Wurth,1107,synthetic
Bosch čistač prozora sa dostavom,1377,synthetic
ostalo u šatorima Bose,1461,synthetic
stub bušilica,1183,synthetic
alati za proširivanje - Beograd,1216,synthetic
Makazasta 8m dizalica,1193,real
BMW ostalo u motociklima,1639,synthetic
platforma za rad na visini Einhell akcija,1193,synthetic
Najam/Iznajmljivanje DeWalt brusilica za podove - izdavanje,1201,synthetic
udarni ključ - Beograd,1182,synthetic
Iznajmljivanje paviljona easy-up šatora,1459,real
Najam Kettler jahanje za vikend,1532,synthetic
Najam/Iznajmljivanje DeWalt alat za decking,1200,synthetic
Iznajmljujem Hilti laserski daljinomer Novi Sad,1066,synthetic
Yamaha crosstrainer,1553,synthetic
Najam Bosch polirka za vikend,1056,synthetic
masina za dim Beograd,1418,synthetic
ankeri i tiplovi - za vikend,1184,synthetic
kinematografski prime objektivi,1274,synthetic
Novo: DeWalt pištolj za boju,1105,synthetic
Najam Godox filter za objektiv - izdavanje,1277,synthetic
ribač podova Miele,1373,synthetic
Thule violina - izdavanje,1483,synthetic
inkubator za jaja Gorenje povoljno,1413,synthetic
Najam/Iznajmljivanje vibro valjak - izdavanje,1208,synthetic
Najam/Iznajmljivanje Mini bager do 3800kg,1195,real
Izdajem jump starter Yamaha,1607,synthetic
Sony dvd i blu-ray Novi Sad,1243,synthetic
vibro valjak,1208,synthetic
nabijač - na dan,1359,synthetic
nogari za farbanje - - izdavanje,1104,synthetic
GoPro softbox i kišobran sa dostavom,1286,synthetic
Na zajam Apple grafička tabla povoljno,1147,synthetic
Kamion sa korpom 20m,1193,real
Izdajem DeWalt merač protoka vazduha Novi Sad,1060,synthetic
Yamaha beer pong Novi Sad,1444,synthetic
kiteboarding Yamaha na dan,1545,synthetic
BMW oprema za čamce - izdavanje,1617,synthetic
Beko mini rerna Novi Sad,1383,synthetic
Iznajmljujem slajd projektor HP,1248,synthetic
sobni bicikl Kettler Novi Sad,1555,synthetic
diesel agregat Einhell,1024,synthetic
Hitno jakuzi JBL,1450,synthetic
listna brusilica - akcija,1057,synthetic
Einhell plazma rezač - izdavanje,1039,synthetic
robot za bazen - Beograd,1321,synthetic
teleprompter,1266,synthetic
ostali muzički instrumenti Capriolo povoljno,1485,synthetic
Građevinski podupirači 2-3.6m - najam -izdavanje - renta,1235,real
Povoljno projekciono platno,1247,synthetic
Najam/Iznajmljivanje ostalo u kuhinji,1388,synthetic
Thule ostalo u mobilnosti Beograd,1586,synthetic
Einhell nogari za farbanje,1104,synthetic
Najam Hilti brusilica za suvi zid sa dostavom,1051,synthetic
Rentiranje: ostalo u podnim oblogama Bosch,1207,synthetic
platforma za prevoz Bosch na dan,1120,synthetic
lopata - Novi Sad,1357,synthetic
Hitno podvodni dronovi,1142,synthetic
Najam/Iznajmljivanje Monofazni agregat 7kVA,1024,real
kercer Villager,1322,synthetic
Makita vodilica povoljno,1030,synthetic
Novo: Salomon šipka za zgibove,1559,synthetic
Hitno gasni aparat za zavarivanje,1225,synthetic
Gardena motorna testera na dan,1309,synthetic
Iznajmljivanje bine,1420,real
Audi grejač kabine - izdavanje,1590,synthetic
Wurth zaštitna oprema,1008,synthetic
Novo: Hilti klješta akcija,1090,synthetic
Izdajem vozila za hobi Burton,1518,synthetic
merdevine za stepenište - - izdavanje,1331,synthetic
parna masina za ciscenje Bosch,1374,synthetic
Hitno Einhell utovarivač sa dostavom,1196,synthetic
invalidska kolica - akcija,1585,synthetic
odeća za vodene sportove Burton - izdavanje,1549,synthetic
presa - akcija,1041,synthetic
Najam ručni kontroler Samsung,1155,synthetic
dji mavic LG akcija,1138,synthetic
Stihl kosilica akcija,1341,synthetic
Capriolo putovanje s decom na dan,1579,synthetic
Najam štafelaj Capriolo,1514,synthetic
krovni kofer,1595,synthetic
Rentiranje: zvučnik,1132,synthetic
presa Einhell,1220,synthetic
Na zajam slush masina na dan,1451,synthetic
macbook,1148,synthetic
Samsung skener za fotografije,1170,synthetic
stege i hvatači DJI na dan,1295,synthetic
Na zajam makaze za metal,1033,synthetic
Vibro zaba Wacker Neuson BS 60 4S – izdavanje rentiranje,1208,real
Hitno Makita ključ za cevi - izdavanje,1218,synthetic
Bockmann prikolica sa kavezom akcija,1626,synthetic
Najam navigacija i komunikacija Yamaha,1499,synthetic
snowboard Burton,1568,synthetic
stolice za proslave JBL,1429,synthetic
Najam laserski nivelator,1067,synthetic
Rentiranje: ostalo u komprimovanom vazduhu Bosch,1192,synthetic
Povoljno lopata,1357,synthetic
ostala vozila - Beograd,808,synthetic
klizaljke - akcija,1567,synthetic
kamkorder - za vikend,1252,synthetic
mašina za metenje -,1326,synthetic
Izdajem Wurth uglomer akcija,1062,synthetic
libela - Novi Sad,1078,synthetic
glava tronošca Sony Beograd,1302,synthetic
Wurth vakuumski podizač stakla na dan,1118,synthetic
kontrola korova - akcija,1360,synthetic
Honda freza Beograd,1324,synthetic
Husqvarna motorna testera,1309,synthetic
Najam Burton masaža za vikend,1558,synthetic
dslr objektivi - Novi Sad,1276,synthetic
Najam/iznajmljivanje vibro ploče do 250kg,1208,real
Hitno BMW jetski akcija,1620,synthetic
zatvorena prikolica,1628,synthetic
Iznajmljujem ostalo u prikolicama Audi,1634,synthetic
Hitno bosch busilica Beograd,1181,synthetic
Rentiranje: sup,1546,synthetic
Na zajam DeWalt uglomer na dan,1062,synthetic
Izdajem centrifuga za med Miele,1381,synthetic
zaštita od komaraca - za vikend,1498,synthetic
Hitno tražač greda,1079,synthetic
Thule ostalo u radionici Novi Sad,1616,synthetic
Izdajem brusilica za podove DeWalt,1053,synthetic
Najam ostalo u skelama Makita,1241,synthetic
Gardena freza za panjeve - izdavanje,1325,synthetic
trimer za travu - akcija,1310,synthetic
Rentiranje: mašina za metenje Honda,1326,synthetic
busilica cekic,1185,synthetic
Na zajam Stihl robot za bazen Beograd,1321,synthetic
Izdajem sprave za vežbanje,1556,synthetic
moment ključ - za vikend,1096,synthetic
zvučnik Asus Novi Sad,1132,synthetic
zaštitna oprema Makita,1008,synthetic
Najam čistač prozora Miele,1377,synthetic
ostalo u putovanjima Burton povoljno,1580,synthetic
Reverzibilna vibro mašina za sabijanje - Husqvarna LG 164,1208,real
berba šumskih plodova Thule povoljno,1487,synthetic
"Fasaderska skela - najam, izdavanje",1232,real
Hitno nosač bicikla na automobilu,1588,synthetic
dizalica i stalci - - izdavanje,1606,synthetic
jetski - - izdavanje,1543,synthetic
BMW radioničarska presa Beograd,1615,synthetic
Najam Hilti kolica za gipsane ploče - izdavanje,1238,synthetic
Najam brusilica za suvi zid DeWalt,1051,synthetic
Novo: Capriolo specijalni kofer Beograd,1576,synthetic
Wurth rezač pločica,1044,synthetic
kajak Kettler,1544,synthetic
Stihl ostalo u bašti Novi Sad,406,synthetic
Izdajem led par Novi Sad,1417,synthetic
Najam/Iznajmljivanje Bose čuvanje odeće za vikend,1423,synthetic
Novo: lift za suvi zid Wurth,1234,synthetic
Povoljno stilizovanje kose Gorenje,1405,synthetic
Povoljno čamac na vesla i dinghy Audi,1622,synthetic
Iznajmljujem konzola za igre akcija,1154,synthetic
Yamaha navigacija i komunikacija Novi Sad,1499,synthetic
Povoljno tow dolly Bockmann,1632,synthetic
Najam zvučna kartica,1131,synthetic
zaštita od štetočina - povoljno,1352,synthetic
Novo: dji mavic 3 Samsung,1139,synthetic
ostalo za kućne ljubimce - sa dostavom,1415,synthetic
Hilti paket za keramiku,1206,synthetic
sony alpha,1257,synthetic
mašina za drva -,1312,synthetic
Iznajmljujem udarni odvijač,1089,synthetic
Bosch rezač cevi,1217,synthetic
canon 5d GoPro,1254,synthetic
Canon gimbali i stabilizatori Novi Sad,1297,synthetic
Novo: Bosch paket za podove na dan,1203,synthetic
ručno rende Einhell povoljno,1111,synthetic
Rentiranje: ostalo u prikolicama Audi,1634,synthetic
mobilna pilana Wurth Beograd,1037,synthetic
Najam/Iznajmljivanje Brusilica za beton,1201,real
Hitno presa Einhell,1220,synthetic
pametni zvučnik Samsung sa dostavom,1018,synthetic
Na zajam torba za transport bicikla Yamaha,1506,synthetic
Najam baštenski valjak Husqvarna,1338,synthetic
xbox series x Philips,1154,synthetic
putovanje s decom -,1401,synthetic
mašina za bušenje - sa dostavom,1179,synthetic
Wurth rezač pločica,1044,synthetic
iphone,1161,synthetic
Miele lonci i tiganje - izdavanje,1384,synthetic
Rentiranje: Bose šator 0-23 m² akcija,1458,synthetic
Philips radio stanice i toki-voki Novi Sad,207,synthetic
Najam Burton planinarsko oruđe za vikend,1496,synthetic
pumpa za odvodnjavanje - povoljno,1311,synthetic
floorball - za vikend,1533,synthetic
Capriolo električni surfboard - izdavanje,1542,synthetic
štake Burton,1581,synthetic
pinball sa dostavom,1152,synthetic
Povoljno Salomon odbojka na pesku za vikend,1530,synthetic
Povoljno Husqvarna drobionica drveta Beograd,1327,synthetic
Rentiranje: skijanje i snowboard Kettler,1568,synthetic
Hitno nosač za automobil Canon,1294,synthetic
freza za panjeve Honda,1325,synthetic
Najam čistač tepiha i tapaciringa Miele,1369,synthetic
Rentiranje: zaštitna oprema Hilti,1008,synthetic
Makita izvlakač za vikend,1091,synthetic
follow focus i nosač objektiva Panasonic Novi Sad,1263,synthetic
ostalo za proslave -,610,synthetic
Iznajmljujem varenje piva i vinarstvo Gorenje,1379,synthetic
Gorenje slike sa dostavom,1365,synthetic
Audi jump starter,1607,synthetic
Hitno epilacija,1404,synthetic
vencanica,1425,synthetic
trimer Gardena,1310,synthetic
Philips oprema za dronove na dan,1134,synthetic
Izdajem honda agregat Novi Sad,1024,synthetic
BMW punjač baterija za vozila - izdavanje,1601,synthetic
nosač bicikla na automobilu Bockmann Beograd,1588,synthetic
ring svetlo Panasonic Novi Sad,1285,synthetic
Aku udarna bušilica Makita DHR 263,1185,real
canon r5,1257,synthetic
Iznajmljujem obične merdevine Gardena,1330,synthetic
ručna testera -,1031,synthetic
Iznajmljujem kutije za selidbu Beko,1407,synthetic
Hitno studijska lampa DJI,1289,synthetic
Najam ostalo u baštenskim mašinama,1328,synthetic
Masina za usitnjavanje granja i drveta,1327,real
usisivač,1376,synthetic
arkadna masina,1152,synthetic
aluminijumska skela,1232,synthetic
računarska oprema Samsung akcija,1145,synthetic
Najam konzola,1154,synthetic
projekciono platno Samsung sa dostavom,1247,synthetic
arkada Apple,1152,synthetic
mašina za bušenje kamena -,1187,synthetic
Hitno auto alati,1602,synthetic
ostalo u stativima - sa dostavom,1303,synthetic
Hitno ps4 Novi Sad,1154,synthetic
DJI konverter za vikend,1275,synthetic
nosač za kanu i kajak VW - izdavanje,1589,synthetic
Akumulatorska ugaona brusilica Würth AWS 18-125 P,1046,real
beton i armatura Einhell,1209,synthetic
prva pomoć i cpr Thule - izdavanje,1583,synthetic
Najam/Iznajmljivanje kofer za alat Einhell,1095,synthetic
konzola za igre Asus,1154,synthetic
DJI senzor boja sa dostavom,1262,synthetic
busilica akumulatorska Einhell,1181,synthetic
čamac na vesla i dinghy Bockmann Beograd,1622,synthetic
BMW vakuum tester na dan,1612,synthetic
ostalo u video igrama Apple,1158,synthetic
mašina za metenje Husqvarna - izdavanje,1326,synthetic
udarni odvijač Hilti - izdavanje,1089,synthetic
Salomon ostalo u zimskim sportovima,1573,synthetic
ugaona brusilica Wurth,1046,synthetic
haljina,1425,synthetic
veliki ekran - sa dostavom,1242,synthetic
Iznajmljujem ostalo u vodoinstalaciji,1223,synthetic
Burton poker set Beograd,1524,synthetic
Hitno Yamaha mašina za šećernu vunu za vikend,1448,synthetic
senzor boja Panasonic,1262,synthetic
Najam Makita ncs karta boja Beograd,1101,synthetic
toplotni pištolj DeWalt na dan,1054,synthetic
kolica i oprema - za vikend,1399,synthetic
mašinica za šišanje pasa - sa dostavom,1412,synthetic
mirrorless objektivi Canon akcija,1279,synthetic
Pokretna skela 4m,1232,real
kolica za teret Dyson povoljno,1410,synthetic
rekviziti - sa dostavom,1366,synthetic
xiaomi mobilni DJI,1161,synthetic
Najam satelitska oprema Samsung,1017,synthetic
Novo: mašina za graviranje,1052,synthetic
prikolica za drvo - Beograd,1631,synthetic
Wurth ostalo u bušilicama i šrafilicama na dan,1188,synthetic
Izdajem nogari za farbanje,1104,synthetic
Novo: skijanje i snowboard,1568,synthetic
Hitno narezač,1040,synthetic
jedrilica Bockmann Novi Sad,1623,synthetic
Hitno stemalica za vikend,1177,synthetic
Najam nosiljka za kućnog ljubimca,1575,synthetic
Rentiranje: Hilti svrdlo za zemlju - izdavanje,1211,synthetic
DeWalt pištolj za klamerice - izdavanje,1215,synthetic
slajder i dolly -,1300,synthetic
Iznajmljujem kolica za selidbu Bosch,1408,synthetic
Izdajem trimer za ivice travnjaka,1339,synthetic
baštensko sito Husqvarna Beograd,1313,synthetic
slackline - povoljno,1538,synthetic
ostalo za kućne ljubimce Bosch sa dostavom,1415,synthetic
Iznajmljujem ostale kamere,1260,synthetic
brusilica za suvi zid Makita Novi Sad,1051,synthetic
rezač dokumenata - sa dostavom,1173,synthetic
rešo - na dan,1435,synthetic
polirka Makita - izdavanje,1056,synthetic
Povoljno DeWalt pištolj za boju,1105,synthetic
mini rerna -,1383,synthetic
skijaški roleri,1566,synthetic
Iznajmljujem osciloskop Einhell,1073,synthetic
Najam/Iznajmljivanje orbitalna brusilica,1055,synthetic
Iznajmljujem odbojka na pesku Salomon,1530,synthetic
Izdajem šator preko 32 m² Yamaha,1460,synthetic
Najam/Iznajmljivanje nosač za kanu i kajak BMW,1589,synthetic
kokičar - Beograd,1454,synthetic
Miele igračke na dan,1400,synthetic
Kettler crosstrainer Novi Sad,1553,synthetic
ostalo u zvuku Apple akcija,1133,synthetic
varenje piva i vinarstvo,1379,synthetic
Građevinski podupirači 2-3.6m - najam,1235,real
ostalo u sportu Salomon povoljno,1539,synthetic
društvene igre i slagalice - povoljno,1512,synthetic
ostalo u čišćenju i pranju - povoljno,1378,synthetic
Kettler sintisajzer sa dostavom,1481,synthetic
Novo: Dyson pomoćni krevet - izdavanje,1363,synthetic
DeWalt skidač boje povoljno,1103,synthetic
prenosni zvucnik sa dostavom,1130,synthetic
Novo: Hilti narezač,1040,synthetic
Yamaha stalak i kabl akcija,1480,synthetic
monopod - akcija,1299,synthetic
Rentiranje: DeWalt rotirajući laser Beograd,1075,synthetic
Yamaha specijalni kofer,1576,synthetic
Na zajam prikolica za čamac BMW,1618,synthetic
senzor boja,1262,synthetic
Na zajam čelo Salomon,1471,synthetic
studijski blic,1288,synthetic
Iznajmljujem epilacija Karcher,1404,synthetic
Gardena baštenski valjak Novi Sad,1338,synthetic
foto štampač,1264,synthetic
pagoda sator JBL,1459,synthetic
Hitno električni aparat za zavarivanje Einhell,1224,synthetic
vodni ski i wakeboard Thule,1548,synthetic
medaljon stolica,1429,synthetic
Najam Thule oprema za čamce Beograd,1617,synthetic
crveni tepih Bose za vikend,1466,synthetic
Novo: xiaomi mobilni,1161,synthetic
krovni kofer Audi,1595,synthetic
čekić Hilti na dan,1088,synthetic
Najam stona brusilica,1049,synthetic
hilti cekic,1185,synthetic
Izdajem pištolj za eksere DeWalt,1214,synthetic
nosač za kanu i kajak Yamaha,1589,synthetic
Villager čistač terasa povoljno,1320,synthetic
Novo: baštensko crevo Gardena,1348,synthetic
muzički instrumenti Apple,1128,synthetic
projektor -,1246,synthetic
chiavari stolica JBL,1429,synthetic
DJI tablet akcija,1164,synthetic
autosedište - na dan,1393,synthetic
Izdajem trimer za travu povoljno,1310,synthetic
jump starter Audi na dan,1607,synthetic
Novo: pojas za hidrataciju Capriolo,1557,synthetic
kanu - za vikend,1619,synthetic
masina za dim Bose,1418,synthetic
Povoljno LG štampač na dan,1171,synthetic
Bosch cirkularna testera sa dostavom,1028,synthetic
Na zajam nargila Bose,1449,synthetic
gasni aparat za zavarivanje Bosch,1225,synthetic
Izdajem Polar trampolin povoljno,1527,synthetic
canon dslr,1254,synthetic
Na zajam indukcioni grejač Yamaha,1605,synthetic
Thule klavir sa dostavom,1478,synthetic
mašina za bušenje Einhell povoljno,1179,synthetic
Rentiranje: multimetar,1072,synthetic
udarna busilica Hilti,1181,synthetic
Rentiranje: Nikon ostalo u pozadinama,1308,synthetic
DeWalt lemilica,1093,synthetic
Povoljno DJI dji phantom,1140,synthetic
ostalo u glodanju Einhell sa dostavom,1116,synthetic
rezač dokumenata -,1173,synthetic
Na zajam Yamaha kanu sa dostavom,1619,synthetic
Hitno ostalo u zvuku Apple,1133,synthetic
Rentiranje: DJI dji mavic 3 - izdavanje,1139,synthetic
Novo: reket sportovi,1537,synthetic
bure za spaljivanje -,1346,synthetic
Povoljno mašina za tetoviranje,1526,synthetic
JBL Partybox 720 - iznajmljivanje,1130,real
Novo: Premium ostali prostori Novi Sad,1273,synthetic
Stihl mašina za metenje - izdavanje,1326,synthetic
masina za balone Bose,1416,synthetic
Izdajem prenosni zvučnik,1130,synthetic
Rentiranje: Dyson parna mašina za čišćenje na dan,1374,synthetic
Najam vibro ploca - izdavanje,1208,synthetic
prskalica za malter DeWalt Novi Sad,1107,synthetic
DJI prenosni zvučnik akcija,1130,synthetic
Drvene merdevine,1330,real
teleskopske merdevine Honda za vikend,1334,synthetic
gimbali i stabilizatori - akcija,1297,synthetic
parocistac,1374,synthetic
speed booster - povoljno,1287,synthetic
kosilica - - izdavanje,1341,synthetic
golf Yamaha Novi Sad,1535,synthetic
Iznajmljujem drum mašina i sampler Kettler,1472,synthetic
Skela iznajmljujem,1232,real
stolice za proslave Pioneer,1429,synthetic
Lux skladišna jedinica,1271,synthetic
punjač za električni auto - Novi Sad,1592,synthetic
huawei,1161,synthetic
Novo: Bosch ankeri i tiplovi sa dostavom,1184,synthetic
Najam ic termometar,1065,synthetic
dji inspire DJI Novi Sad,1137,synthetic
lopata - akcija,1357,synthetic
sintisajzer Capriolo akcija,1481,synthetic
Najam/Iznajmljivanje projektor,1246,synthetic
jbl zvucnik,1130,synthetic
Na zajam Bosch ostalo u transportu za vikend,1123,synthetic
Iznajmljujem oprema za lavine Yamaha,1563,synthetic
Na zajam monitori,306,synthetic
Na zajam šrafilice DeWalt,1186,synthetic
Najam ostalo u transportu,1123,synthetic
prsluk sa tegovima - na dan,1560,synthetic
Asus veliki ekran Beograd,1242,synthetic
skarifajzer Stihl na dan,1343,synthetic
Dyson torba za kućne ljubimce za vikend,1414,synthetic
rešo - povoljno,1435,synthetic
bicikli Polar,1507,synthetic
brusilica za podove Bosch akcija,1201,synthetic
parking i garaža Lux Beograd,1270,synthetic
Povoljno prikolica za motocikl BMW,1629,synthetic
Dyson ostalo u čišćenju i pranju - izdavanje,1378,synthetic
čistač terasa Stihl na dan,1320,synthetic
Hitno krovna kutija povoljno,1595,synthetic
party paketi JBL na dan,608,synthetic
Hitno Philips dji mavic 3 povoljno,1139,synthetic
air track Burton povoljno,1510,synthetic
digitalna kino kamera -,1255,synthetic
Rentiranje: slušalice Asus,1125,synthetic
"Atlas Copco BG 375 - Helikopter za beton - najam, izdavanje",1209,real
Izdajem nosač za automobil,1294,synthetic
gasni aparat za zavarivanje Hilti sa dostavom,1225,synthetic
ostalo u baštenskim mašinama Villager na dan,1328,synthetic
ostalo za kućne ljubimce Bosch Novi Sad,1415,synthetic
Capriolo windsurfing,1550,synthetic
floorball Yamaha Beograd,1533,synthetic
Einhell tračna testera za vikend,1026,synthetic
Na zajam Sony muzički instrumenti za vikend,1128,synthetic
Benzinski trimer Villager BC 1250 S,1310,real
Hitno Burton kiteboarding Beograd,1545,synthetic
Iznajmljujem kompostni valjak,1337,synthetic
Izdajem ventilacija i grejanje,105,synthetic
tračna testera - za vikend,1026,synthetic
Industrijski usisivač Festool CT22 E,1376,real
makaze za živicu Honda - izdavanje,1316,synthetic
Wurth burgije Novi Sad,1178,synthetic
Kamion sa korpom radna visina do 20 metara,1193,real
pobijač stubova - Novi Sad,1354,synthetic
Na zajam trakasta brusilica,1048,synthetic
laptop HP,1148,synthetic
Thule jahanje Beograd,1532,synthetic
ostale brusilice DeWalt akcija,1059,synthetic
Izdajem auto punjac sa dostavom,1587,synthetic
Rentiranje: canon r5 akcija,1257,synthetic
Povoljno makazasta dizalica Beograd,1193,synthetic
nintendo switch,1154,synthetic
tražač greda Einhell,1079,synthetic
karcer,1322,synthetic
Rentiranje: visoki sto sa dostavom,1428,synthetic
ostalo u odeći - Beograd,1426,synthetic
Bosch inkubator za jaja Novi Sad,1413,synthetic
skila platforma,1193,synthetic
Na zajam tražač kabla,1063,synthetic
remeni i pojasevi za selidbu Bosch Beograd,1409,synthetic
Hitno gvozdena šipka Honda,1351,synthetic
Hitno Honda mašina za drva Novi Sad,1312,synthetic
Gardena nabijač akcija,1359,synthetic
Rentiranje: polaroid kamera,1258,synthetic
gibson Thule,1474,synthetic
DeWalt gradilišna ograda na dan,1231,synthetic
čuvanje odeće - povoljno,1423,synthetic
tražač greda Wurth povoljno,1079,synthetic
ručni ger za drvo -,1036,synthetic
Bosch ručni ger za drvo,1036,synthetic
Villager ostalo u baštenskim alatima akcija,1362,synthetic
mikroskop Thule povoljno,1521,synthetic
Na zajam kokičar Bose,1454,synthetic
skije,1568,synthetic
Povoljno kontrola korova Husqvarna,1360,synthetic
Izdajem mašina za skidanje podova,1202,synthetic
Godox foto štampač povoljno,1264,synthetic
listna brusilica - sa dostavom,1057,synthetic
Husqvarna kolica za baštu Beograd,1356,synthetic
masina za secernu vunu,1448,synthetic
Hitno grejalice i pečurke,609,synthetic
Stihl detektor kablova za robotske kosilice na dan,1335,synthetic
28m!!! NAJAM teleskopske DIZALICE 28m,1193,real
Povoljno sklopivi stolovi Yamaha,1431,synthetic
Dyson bebi monitor na dan,1390,synthetic
grejač kabine -,1590,synthetic
savijač cevi - na dan,1219,synthetic
Hitno chafing dish,1434,synthetic
ostalo u farbanju - Novi Sad,1110,synthetic
kolica za prevoz Husqvarna akcija,1361,synthetic
nargila Pioneer,1449,synthetic
Salomon ostali muzički instrumenti Novi Sad,1485,synthetic
phantom 4,1138,synthetic
Yamaha putni adapter za vikend,1578,synthetic
Izdajem Husqvarna baštenski drobilica Novi Sad,1314,synthetic
kontrola korova Husqvarna akcija,1360,synthetic
Izdajem studijska lampa,1289,synthetic
Wurth libela na dan,1078,synthetic
tablet Sony Novi Sad,1164,synthetic
Najam motorna testera akcija,1309,synthetic
Wurth šrafilice Beograd,1186,synthetic
HP simulator oprema povoljno,1156,synthetic
Izdajem grejač kabine,1590,synthetic
Na zajam Wurth skidač izolacije,1020,synthetic
Izdajem ostalo u zavarivanju,1229,synthetic
grejalice i pečurke JBL za vikend,609,synthetic
Najam/Iznajmljivanje Thule vodootporne torbe,1493,synthetic
Benzinski Trimer DEMON RQ580,1310,real
fudbal Capriolo na dan,1534,synthetic
Burton štake,1581,synthetic
Apple inverter,1015,synthetic
gorillapod - sa dostavom,1298,synthetic
Mašina za dubinsko Fantom Robotix CC 6300,1369,real
klješta -,1090,synthetic
vitlo - akcija,1122,synthetic
Husqvarna teleskopske merdevine za vikend,1334,synthetic
torba za kućne ljubimce Gorenje sa dostavom,1414,synthetic
karaoke - sa dostavom,1452,synthetic
Najam/Iznajmljivanje Einhell izvlakač akcija,1091,synthetic
Iznajmljivanje satora za proslave,1459,real
Novo: generator - izdavanje,1024,synthetic
Novo: Burton zvučna kartica na dan,1479,synthetic
mikroskop Salomon Novi Sad,1521,synthetic
Dyson pegla povoljno,1372,synthetic
Hitno kombinovane merdevine Gardena,1329,synthetic
šipka za zgibove - Novi Sad,1559,synthetic
Yamaha ostalo u biciklizmu na dan,1509,synthetic
bazen sa mehurićima - za vikend,1446,synthetic
baštensko sito Honda povoljno,1313,synthetic
baterije i punjači,1019,synthetic
Hitno Makita paketi alata sa dostavom,1010,synthetic
kosacica Honda,1341,synthetic
Na zajam BMW jedriličarska odeća Beograd,1624,synthetic
Prikolica Vesta 25DA,1630,real
dubinsko pranje tepiha Gorenje,1369,synthetic
konverter - - izdavanje,1275,synthetic
platforma za rad na visini Bosch povoljno,1193,synthetic
JBL dečija odeća na dan,1422,synthetic
Najam/Iznajmljivanje nosiljka za kućnog ljubimca,1575,synthetic
Najam sekira,1345,synthetic
Hitno elektricna gitara Beograd,1474,synthetic
Rentiranje: pištolj za eksere,1214,synthetic
zvučna kartica - za vikend,1479,synthetic
kolica za gipsane ploče - povoljno,1238,synthetic
Rentiranje: Salomon lov i ribolov Beograd,1497,synthetic
Capriolo ukulele na dan,1482,synthetic
Povoljno Samsung slajd projektor,1248,synthetic
ostali prostori - povoljno,1273,synthetic
Na zajam laserski daljinomer,1066,synthetic
Hitno nabijač Stihl,1359,synthetic
Na zajam ubodna testera,1032,synthetic
tračna testera - akcija,1026,synthetic
Hitno Honda ostalo u održavanju travnjaka povoljno,1342,synthetic
Novo: rampa Thule,1611,synthetic
Stoni Tenis Iznajmljivanje,1537,real
Najam/Iznajmljivanje dečiji nameštaj Karcher,1396,synthetic
dečija odeća -,1422,synthetic
ostalo u čišćenju i pranju - Beograd,1378,synthetic
Najam/Iznajmljivanje Villager drobionica drveta za vikend,1327,synthetic
glava tronošca Sony - izdavanje,1302,synthetic
DeWalt mešalica boje akcija,1100,synthetic
Novo: Bosch kompresor - izdavanje,1191,synthetic
stilizovanje i dekoracija Bose povoljno,1467,synthetic
multimetar Bosch Novi Sad,1072,synthetic
stolica-stepenik Villager Beograd,1332,synthetic
ostalo u sportu Capriolo,1539,synthetic
Rentiranje: ostalo u računarima Philips,1151,synthetic
kružna testera za metal Wurth Beograd,1034,synthetic
stolica-stepenik Husqvarna,1332,synthetic
lopata za sneg - povoljno,1358,synthetic
Povoljno vibro nabijač Hilti,1208,synthetic
atlas copco kompresor Einhell,1191,synthetic
Gardena duvač lišća povoljno,1317,synthetic
c-stalak Panasonic akcija,1291,synthetic
Wurth merač buke - izdavanje,1077,synthetic
Najam dubinsko pranje tepiha - izdavanje,1369,synthetic
Kettler kolica za outdoor povoljno,1490,synthetic
Povoljno DJI pametni zvučnik povoljno,1018,synthetic
Najam/Iznajmljivanje Mini bager do 2700kg,1195,real
prsluk sa tegovima - za vikend,1560,synthetic
Villager stepenik,1333,synthetic
Hitno Einhell pijuk,1085,synthetic
ankeri i tiplovi Wurth sa dostavom,1184,synthetic
Hitno krunska testera,1180,synthetic
Iznajmljujem GoPro ostalo u pozadinama - izdavanje,1308,synthetic
rezač kamena Hilti,1212,synthetic
Iznajmljujem ostalo u vodoinstalaciji Bosch,1223,synthetic
tv -,1249,synthetic
paddleboard,1546,synthetic
Novo: radna rasveta,1012,synthetic
Novo: detektor kablova za robotske kosilice,1335,synthetic
Iznajmljujem kolica za montažu BMW,1600,synthetic
Hitno thule krovni kofer - izdavanje,1595,synthetic
Povoljno čistač odvoda Beko,1371,synthetic
Na zajam Wurth ugaona bušilica akcija,1175,synthetic
Izdajem ostalo u radionici,1616,synthetic
stemarka Hilti,1177,synthetic
jednobojna pozadina - Novi Sad,1305,synthetic
Najam/Iznajmljivanje DeWalt stol za glodalicu - izdavanje,1114,synthetic
Izdajem aligator testera Bosch,1025,synthetic
agregat Einhell,1024,synthetic
Povoljno Bockmann indukcioni grejač povoljno,1605,synthetic
konverter DJI,1275,synthetic
Thule dijagnostički alat na dan,1603,synthetic
Thule koferi,1577,synthetic
polirka DeWalt - izdavanje,1056,synthetic
Panasonic konverter akcija,1275,synthetic
Izdajem gvozdena šipka Honda,1351,synthetic
Pioneer chafing dish Beograd,1434,synthetic
Najam/Iznajmljivanje pagoda Novi Sad,1459,synthetic
usisivač Beko na dan,1376,synthetic
foto štampač,1264,synthetic
Hilti paketi alata sa dostavom,1010,synthetic
Na zajam ostalo za decu,1402,synthetic
parna presa za odeću - sa dostavom,1370,synthetic
Najam Einhell klješta Beograd,1090,synthetic
plazma rezač DeWalt akcija,1039,synthetic
Hilti TE 706-AVR,1177,real
društvene igre i slagalice Salomon za vikend,1512,synthetic
GoPro oprema za objektive - izdavanje,1280,synthetic
thinkpad,1148,synthetic
čamac na gumu Yamaha - izdavanje,1540,synthetic
čistač odvoda Karcher akcija,1371,synthetic
Povoljno ostalo u zavarivanju,1229,synthetic
Izdajem Philips slušalice povoljno,1125,synthetic
Canon filter za objektiv,1277,synthetic
Iznajmljivanje stendera garderobera Beograd,1423,real
Hitno karaoke,1452,synthetic
dji mavic 3 - sa dostavom,1139,synthetic
Rentiranje: ostalo u projektorima i tv Sony,1251,synthetic
"bučice, tegovi i kettlebells Salomon za vikend",1554,synthetic
Sony PS5/PS4 Pro,1154,real
oprema za voditelja - povoljno,1456,synthetic
mirrorless,1257,synthetic
Povoljno rešo,1435,synthetic
jakuzi - za vikend,1450,synthetic
stemalica,1177,synthetic
Rentiranje: instrumentalni mikrofon,1476,synthetic
longboard i skejtbord Capriolo Novi Sad,1519,synthetic
Izdajem kamkorder,1252,synthetic
kolica za outdoor - povoljno,1490,synthetic
akumulatorska busilica,1181,synthetic
drum mašina i sampler Kettler,1472,synthetic
Karcher centrifuga za med povoljno,1381,synthetic
posuđe i pribor za jelo - akcija,1441,synthetic
Izdajem kercer akcija,1322,synthetic
dji phantom,1138,synthetic
fontana od čokolade - - izdavanje,1447,synthetic
DeWalt ostalo u komprimovanom vazduhu sa dostavom,1192,synthetic
trakasta brusilica Hilti povoljno,1048,synthetic
Scarpa Mont Blanc Pro zenske cipele broj 40,1500,real
Izdajem sabljasta testera,1042,synthetic
Bosch usisivač Novi Sad,1376,synthetic
grejač bočica Beko Novi Sad,1391,synthetic
Iznajmljivanje suncobrana,405,real
Sony rezač dokumenata,1173,synthetic
mašina za balone -,1416,synthetic
Povoljno dehidrator hrane Gorenje,1380,synthetic
Najam zaštita od komaraca Polar,1498,synthetic
Einhell crevo za komprimovani vazduh,1190,synthetic
The crew 2 igrica za Ps4,1153,real
kramp Stihl Novi Sad,1353,synthetic
Rentiranje: gradilišna ograda Makita,1231,synthetic
Najam/Iznajmljivanje sto za tapete Hilti,1237,synthetic
iphone DJI,1161,synthetic
Novo: DeWalt čekić sa dostavom,1088,synthetic
Hitno Godox torba za kameru akcija,1261,synthetic
ring svetlo - povoljno,1285,synthetic
ostalo u bašti - za vikend,406,synthetic
Najam Einhell rezač cevi,1217,synthetic
sokovnik na paru Dyson,1386,synthetic
dslr,1254,synthetic
Novo: kombinovana testera,1029,synthetic
bumper ball Kettler za vikend,1513,synthetic
Iznajmljujem mavic pro,1139,synthetic
Beko pumpa za majčino mleko akcija,1392,synthetic
Izdajem mašina za tetoviranje Capriolo,1526,synthetic
Najam media plejeri,1244,synthetic
Hitno masina za pranje pod pritiskom,1322,synthetic
Yamaha motociklistička oprema,1637,synthetic
Povoljno Yamaha outdoor paket akcija,1501,synthetic
Novo: klizaljke Burton,1567,synthetic
Iznajmljujem laptop,1148,synthetic
Izdajem fly jumpers Kettler,1515,synthetic
Na zajam HP pametni sat Novi Sad,1162,synthetic
Hitno prikolica za teret na biciklu Kettler,1503,synthetic
playstation 5 DJI,1154,synthetic
granita,1451,synthetic
mašine za šivenje - za vikend,506,synthetic
Rentiranje: air track,1510,synthetic
akusticna gitara Kettler,1474,synthetic
vazdusni kompresor Hilti,1191,synthetic
Rentiranje: DeWalt mašina za bušenje kamena - izdavanje,1187,synthetic
ostalo u brušenju - na dan,1058,synthetic
slajder i dolly Canon za vikend,1300,synthetic
toplotni pištolj - za vikend,1054,synthetic
mašina za balone JBL sa dostavom,1416,synthetic
stalak i kabl Capriolo,1480,synthetic
Hitno stolice za proslave,1429,synthetic
Hitno kolica i oprema,1399,synthetic
Salomon bas gitara,1470,synthetic
Najam/Iznajmljivanje damper,1194,synthetic
pikamer DeWalt,1177,synthetic
Pumpa za balone - električna,1462,real
Iznajmljujem kompaktni fotoaparat,1253,synthetic
ostalo u građevinskoj mehanizaciji,1199,synthetic
aerator sa šupljim klinovima - - izdavanje,1350,synthetic
Hitno ručni kontroler,1155,synthetic
Gorenje stilizovanje na dan,1367,synthetic
podvodni dronovi -,1142,synthetic
sobni bicikl,1555,synthetic
Hilti TE 1000 AVR - izdavanje,1177,real
Rentiranje: JBL posuđe i pribor za jelo - izdavanje,1441,synthetic
nosač tereta za kuku - povoljno,1594,synthetic
Izdajem dim masina Beograd,1418,synthetic
radna platforma - Beograd,1239,synthetic
Gardena makaze za živicu povoljno,1316,synthetic
torba za transport bicikla Polar povoljno,1506,synthetic
Najam kolica za selidbu,1408,synthetic
Rentiranje: zvučna kartica Salomon,1479,synthetic
Bosch laserski nivelator povoljno,1067,synthetic
zvučnik Apple,1132,synthetic
Novo: crveni tepih Bose,1466,synthetic
Povoljno mašina za bušenje Bosch,1179,synthetic
Najam/iznajmljivanje vibro ploče do 500kg,1208,real
Izdajem Lux parking i garaža povoljno,1270,synthetic
planinarsko oruđe - povoljno,1496,synthetic
media plejeri - na dan,1244,synthetic
Povoljno osciloskop Bosch,1073,synthetic
Povoljno Karcher ostalo u dekoraciji akcija,1368,synthetic
Povoljno viljuškar Einhell,1117,synthetic
Najam/Iznajmljivanje HP laptop na dan,1148,synthetic
Izdajem agregat za struju - izdavanje,1024,synthetic
dji inspire -,1137,synthetic
Samsung vr naočale povoljno,1157,synthetic
nameštaj - povoljno,1364,synthetic
Izdajem samsung galaxy Beograd,1161,synthetic
nargila Yamaha povoljno,1449,synthetic
ostalo u glodanju - na dan,1116,synthetic
Novo: ostalo u mehanizaciji terena,1213,synthetic
barski sto,1428,synthetic
dslr fotoaparat Godox Beograd,1254,synthetic
Capriolo termopresa Beograd,1517,synthetic
Novo: cpr trening,1583,synthetic
Izdajem pumpica za balone Bose,1462,synthetic
Najam kalemovi i električni kablovi DeWalt,1021,synthetic
Najam ostalo u zvuku Sony,1133,synthetic
Povoljno Beko dečiji bicikli i oprema,1394,synthetic
Na zajam listna brusilica,1057,synthetic
Hitno vibro nabijač,1208,synthetic
Povoljno sveća i svećnjak,1463,synthetic
bal haljina Yamaha,1425,synthetic
Povoljno mašinica za šišanje pasa,1412,synthetic
toplotni pištolj - Beograd,1054,synthetic
Bosch merač kvaliteta vazduha na dan,1061,synthetic
Povoljno LG ostalo u video igrama,1158,synthetic
kombinovana testera Wurth Novi Sad,1029,synthetic
Einhell pištolj za eksere sa dostavom,1214,synthetic
gibson,1474,synthetic
grejač bočica Karcher za vikend,1391,synthetic
Povoljno damper DeWalt,1194,synthetic
vozila za hobi - Beograd,1518,synthetic
Yamaha transporter za automobile,1627,synthetic
Građevinski podupirači 1-1.8m - najam,1235,real
Rentiranje: BMW krovni kofer povoljno,1595,synthetic
Iznajmljujem autosedište,1393,synthetic
Einhell macola,1092,synthetic
pa sistem - za vikend,1129,synthetic
metar - za vikend,1069,synthetic
Na zajam termopresa Salomon,1517,synthetic
Hilti plastični zavarivač sa dostavom,1227,synthetic
Na zajam mig aparat,1226,synthetic
Hitno pobijač stubova Honda,1354,synthetic
Hitno JBL ostalo u šatorima,1461,synthetic
specijalni kofer - za vikend,1576,synthetic
thule krovni kofer BMW,1595,synthetic
Thule indukcioni grejač povoljno,1605,synthetic
Novo: iphone,1161,synthetic
trimer za travu,1310,synthetic
windsurfing Capriolo,1550,synthetic
Povoljno DeWalt udarna bušilica povoljno,1181,synthetic
prikolica za teret na biciklu Yamaha sa dostavom,1503,synthetic
DeWalt stub bušilica za vikend,1183,synthetic
DJI mrežna oprema,1149,synthetic
Povoljno rotacioni čekić Hilti,1185,synthetic
Na zajam Capriolo ostalo u outdoor-u - izdavanje,1502,synthetic
Novo: vhs plejer DJI,1250,synthetic
Hilti utovarivač sa dostavom,1196,synthetic
smartphone povoljno,1161,synthetic
Vibro ploca - Wacker DPU 3050 - izdavanje,1208,real
sveća i svećnjak - na dan,1463,synthetic
Villager kosilica sa dostavom,1341,synthetic
Miele ostalo u selidbi sa dostavom,1411,synthetic
Hitno skarifajzer,1343,synthetic
Najam cepač drva,1318,synthetic
Iznajmljujem Yamaha čeona lampa sa dostavom,1494,synthetic
LG tablet na dan,1164,synthetic
mašine za šivenje Beko akcija,506,synthetic
Novo: Polar putovanje s decom na dan,1579,synthetic
merač krvnog pritiska - Beograd,1403,synthetic
kolica za građevinski otpad - sa dostavom,1230,synthetic
Najam Hilti crevo za komprimovani vazduh Novi Sad,1190,synthetic
Bose bina povoljno,1420,synthetic
Najam maska za zavarivanje,1228,synthetic
Izdajem varenje piva i vinarstvo Beko,1379,synthetic
desktop računar DJI za vikend,1146,synthetic
yoga prostirka Kettler - izdavanje,1561,synthetic
ostalo za proslave - za vikend,610,synthetic
Rentiranje: Kettler drum mašina i sampler na dan,1472,synthetic
Standard kancelarija,1269,synthetic
Najam set bitova Wurth,1176,synthetic
Canon dslr fotoaparat,1254,synthetic
termovizijska kamera - Novi Sad,1080,synthetic
DeWalt sekač vijaka Beograd,1027,synthetic
Vertikalna lift dizalica,1193,real
Najam Makita termovizijska kamera na dan,1080,synthetic
Novo: Canon memorijske kartice - izdavanje,308,synthetic
paddleboard - Beograd,1546,synthetic
Hilti fotometar povoljno,1068,synthetic
mobilni telefon HP,1161,synthetic
Husqvarna lopata za sneg za vikend,1358,synthetic
Novo: sup daska,1546,synthetic
VW ostalo u kamperima za vikend,1636,synthetic
Hitno atlas copco kompresor,1191,synthetic
kutije za selidbu Karcher povoljno,1407,synthetic
inverter - Novi Sad,1015,synthetic
Najam paella tava,1437,synthetic
Makita viljuškar,1117,synthetic
konzola za igre,1154,synthetic
Makita ključ sa dostavom,1098,synthetic
zaštita od štetočina - akcija,1352,synthetic
Miele parna mašina za čišćenje povoljno,1374,synthetic
mašina za šećernu vunu - sa dostavom,1448,synthetic
Hitno baštensko crevo,1348,synthetic
longboard i skejtbord,1519,synthetic
radioničarska presa VW akcija,1615,synthetic
Izdajem Bose paket stolovi i stolice na dan,1430,synthetic
Novo: Philips ostalo u elektronici akcija,210,synthetic
pagoda sator,1459,synthetic
Salomon nosiljka za dete povoljno,1491,synthetic
Novo: Einhell merač protoka vazduha,1060,synthetic
desktop računar Asus na dan,1146,synthetic
kinematografski prime objektivi,1274,synthetic
stilizovanje - - izdavanje,1367,synthetic
Thule radioničarska presa akcija,1615,synthetic
Izdajem šator preko 32 m²,1460,synthetic
Izdajem jednobojna pozadina GoPro,1305,synthetic
Audi kolica za montažu,1600,synthetic
ostalo u farbanju Einhell akcija,1110,synthetic
Rentiranje: ring svetlo Sony,1285,synthetic
Canon ostalo u pozadinama povoljno,1308,synthetic
sklopivi stolovi - sa dostavom,1431,synthetic
Hitno grabulje za nivelisanje,1340,synthetic
Na zajam barski sto - izdavanje,1428,synthetic
Povoljno foto/video paketi DJI,305,synthetic
Na zajam crevo za komprimovani vazduh,1190,synthetic
Novo: ostalo u građevinskoj mehanizaciji Wurth,1199,synthetic
Iznajmljujem skidač boje Wurth,1103,synthetic
Povoljno ekspedicione sanke,1564,synthetic
Thule dvogled,1488,synthetic
tester pritiska Einhell sa dostavom,1221,synthetic
nosač bicikla - akcija,1504,synthetic
Rentiranje: regulator šarki,1086,synthetic
Rentiranje: Thule punjač baterija za vozila Beograd,1587,synthetic
set bitova Wurth,1176,synthetic
redmi akcija,1161,synthetic
izvlakač Einhell akcija,1091,synthetic
Iznajmljujem viljuškar,1117,synthetic
Rentiranje: kolica za kobasice Bose,1439,synthetic
Hilti TE 700 AVR – izdavanje,1177,real
ostalo u vodoinstalaciji - Novi Sad,1223,synthetic
Hitno maska za zavarivanje,1228,synthetic
ručna testera DeWalt Beograd,1031,synthetic
Rentiranje: vodni ski i wakeboard,1548,synthetic
Polar kampovanje,1489,synthetic
Hilti tražač kabla sa dostavom,1063,synthetic
stihl trimer Gardena,1310,synthetic
DeWalt ključ za cevi za vikend,1218,synthetic
čamac na gumu Kettler,1540,synthetic
dispenser za šlag - - izdavanje,1442,synthetic
vakuumski podizač stakla Bosch na dan,1118,synthetic
Honda gvozdena šipka sa dostavom,1351,synthetic
zvučnik,1132,synthetic
štampač - na dan,1171,synthetic
ostalo u zavarivanju Makita Novi Sad,1229,synthetic
Iznajmljujem DJI okidač blica - izdavanje,1283,synthetic
laserski rezač,1168,synthetic
ostali objektivi - za vikend,1281,synthetic
Rentiranje: klavir Capriolo,1478,synthetic
ostalo u bašti Gardena sa dostavom,406,synthetic
surfanje - Beograd,1547,synthetic
stol za glodalicu -,1114,synthetic
torba za transport bicikla Yamaha,1506,synthetic
Iznajmljujem dijagnostički alat VW,1603,synthetic
Izdajem vodene igre Kettler,1528,synthetic
alat za lanac motocikla,1608,synthetic
dubinsko pranje Gorenje,1369,synthetic
Samsung dji phantom - izdavanje,1140,synthetic
Honda skarifajzer - izdavanje,1343,synthetic
Novo: Asus pc monitori na dan,1150,synthetic
Бродић Елена,1621,real
Iznajmljujem paket za podove,1203,synthetic
Thule dizalice za vikend,1604,synthetic
Rentiranje: krunska testera Bosch,1180,synthetic
Dyson prostirka za igru,1398,synthetic
paletni viljuškar - sa dostavom,1119,synthetic
"Mašina za čišćenje, poliranje, šmirglanje Columbus E 400|S",1201,real
Najam Einhell pikamer sa dostavom,1177,synthetic
Izdajem gitara,1474,synthetic
Najam/Iznajmljivanje mavic air - izdavanje,1139,synthetic
Wurth ključ sa dostavom,1098,synthetic
Rentiranje: zimska odeća Polar,1572,synthetic
Hilti set bitova sa dostavom,1176,synthetic
Povoljno foto/video paketi GoPro,305,synthetic
Povoljno plastični zavarivač,1227,synthetic
vrtlarska testera i škare - na dan,1355,synthetic
Yamaha vozila za hobi povoljno,1518,synthetic
Novo: rezač papira Philips,1169,synthetic
Novo: ostalo u auto opremi Thule,1599,synthetic
ostalo u baštenskim alatima Gardena,1362,synthetic
Karcher parna mašina za čišćenje Beograd,1374,synthetic
grejač kabine - Novi Sad,1590,synthetic
Najam LG ostalo u računarima Beograd,1151,synthetic
Najam/Iznajmljivanje Vibro letva,1209,real
Na zajam krovni nosač za ski VW,1596,synthetic
Hitno Kettler violina,1483,synthetic
simulator oprema Sony,1156,synthetic
Novo: merdevine za stepenište,1331,synthetic
Najam/Iznajmljivanje Potopna drenažna pumpa za vodu do 1000l,1311,real
vodilica - Beograd,1030,synthetic
vitlo Makita za vikend,1122,synthetic
Povoljno ručni kontroler Philips,1155,synthetic
vakuumski podizač stakla - sa dostavom,1118,synthetic
Rentiranje: roleri Polar,1536,synthetic
motorna testera Husqvarna,1309,synthetic
pegla Karcher na dan,1372,synthetic
dji fpv Samsung,1136,synthetic
Najam luper DJI,1126,synthetic
Husqvarna pumpa za odvodnjavanje povoljno,1311,synthetic
ventilacija i grejanje - sa dostavom,105,synthetic
wacom Philips,1147,synthetic
Najam Asus rezač papira Beograd,1169,synthetic
thule nosac,1597,synthetic
Na zajam ručno rende,1111,synthetic
Iznajmljujem epilacija Bosch,1404,synthetic
Capriolo stoni fudbal Beograd,1516,synthetic
remeni i pojasevi za selidbu Gorenje Beograd,1409,synthetic
dubinsko pranje tepiha,1369,synthetic
mašina za graviranje Makita,1052,synthetic
Novo: karcher,1322,synthetic
radni sto - Beograd,1240,synthetic
Najam/Iznajmljivanje udarni ključ,1182,synthetic
Yamaha šipka za zgibove - izdavanje,1559,synthetic
Novo: polaroid kamera,1258,synthetic
Rentiranje: ostalo u mehanizaciji terena,1213,synthetic
Hitno Hilti mig aparat sa dostavom,1226,synthetic
ostalo u održavanju travnjaka Honda Beograd,1342,synthetic
Rentiranje: usisivač za lišće Husqvarna,1319,synthetic
Najam speed booster Canon,1287,synthetic
Hitno Godox dslr objektivi Beograd,1276,synthetic
HP laserski rezač,1168,synthetic
Najam reflektorski ekran Sony,1284,synthetic
ostalo u testerama - - izdavanje,1045,synthetic
Novo: krovni nosač za ski BMW,1596,synthetic
snowracer Capriolo,1571,synthetic
Bosch lift za suvi zid povoljno,1234,synthetic
Rentiranje: nosiljka za dete Burton,1491,synthetic
Na zajam JBL photo booth povoljno,1453,synthetic
pagoda Bose,1459,synthetic
macola,1092,synthetic
vhs plejer LG,1250,synthetic
Bosch tester pritiska akcija,1221,synthetic
GoPro blic,1282,synthetic
Karcher bebi monitor akcija,1390,synthetic
Ubodna testera Makita 4351FCT,1032,real
Najam/Iznajmljivanje Einhell toplotni pištolj sa dostavom,1054,synthetic
trimer za ivice travnjaka - - izdavanje,1339,synthetic
ostalo u elektronici DJI povoljno,210,synthetic
Povoljno aligator testera Wurth,1025,synthetic
Povoljno kompresor Hilti,1191,synthetic
bager Hilti,1195,synthetic
Najam c-stalak,1291,synthetic
Povoljno specijalni kofer Yamaha,1576,synthetic
Izdajem Salomon čeona lampa sa dostavom,1494,synthetic
Novo: Nikon glava tronošca Beograd,1302,synthetic
Najam Thule auto alati,1602,synthetic
ostalo u kamperima -,1636,synthetic
Makita čekić akcija,1088,synthetic
cistac tepiha Miele,1369,synthetic
Nikon ring svetlo - izdavanje,1285,synthetic
graficka tabla,1147,synthetic
Iznajmljujem Wurth makaze za metal,1033,synthetic
Najam lanci za sneg,1598,synthetic
Kettler yoga prostirka - izdavanje,1561,synthetic
Najam/Iznajmljivanje Thule ostala vozila na dan,808,synthetic
Najam/Iznajmljivanje sanke,1569,synthetic
Izdajem rezač laminata Wurth,1204,synthetic
radioničarska dizalica - akcija,1614,synthetic
mašina za dim Yamaha,1418,synthetic
Villager grabulje za nivelisanje - izdavanje,1340,synthetic
Yamaha ostalo za proslave sa dostavom,610,synthetic
Najam/Iznajmljivanje Capriolo kofer za bicikl za vikend,1574,synthetic
Iznajmljujem berač voća,1347,synthetic
Hitno punjač baterija za vozila,1601,synthetic
sto za tapete - povoljno,1106,synthetic
Capriolo prikolica za dete (bicikl) Novi Sad,1505,synthetic
Najam prsluk sa tegovima Yamaha,1560,synthetic
ostalo u pozadinama - povoljno,1308,synthetic
Povoljno outdoor paket Kettler,1501,synthetic
stege i hvatači Panasonic na dan,1295,synthetic
Najam/Iznajmljivanje DeWalt mobilna pilana na dan,1037,synthetic
Izdajem kampovanje Yamaha,1489,synthetic
Najam/Iznajmljivanje orbitalna brusilica,1055,synthetic
mobilni telefon HP na dan,1161,synthetic
Pokretna skela 6m,1232,real
Salomon outdoor paket na dan,1501,synthetic
Rentiranje: dijagnostički alat VW,1603,synthetic
jakuzi Pioneer - izdavanje,1450,synthetic
Rentiranje: tv,1249,synthetic
Iznajmljujem crevo za komprimovani vazduh,1190,synthetic
JBL bazen sa mehurićima,1446,synthetic
cistac tepiha,1369,synthetic
paket za keramiku - sa dostavom,1206,synthetic
Najam pametni sat Sony,1162,synthetic
Najam Kettler kajak akcija,1544,synthetic
precizna brusilica - - izdavanje,1050,synthetic
podupirač - povoljno,1235,synthetic
makaze za živicu Honda,1316,synthetic
Povoljno skidač tapeta,1109,synthetic
Novo: dehidrator hrane Bosch,1380,synthetic
Na zajam prikolica sa kavezom Bockmann,1626,synthetic
kolica za kobasice Bose na dan,1439,synthetic
Povoljno DeWalt ostalo u građevini i alatima Novi Sad,1013,synthetic
stege i hvatači - povoljno,1295,synthetic
stihl trimer,1310,synthetic
Izdajem Godox mirrorless objektivi Novi Sad,1279,synthetic
Masina za dubinsko pranje,1369,real
Hitno ostalo u skelama,1241,synthetic
Povoljno Kettler jetski za vikend,1543,synthetic
mešalica boje Bosch,1100,synthetic
ostalo u kući - Beograd,509,synthetic
Najam ručni kontroler,1155,synthetic
Najam jbl party box,1130,synthetic
Povoljno Panasonic pozadina sa uzorkom - izdavanje,1307,synthetic
razvodni ormar Makita akcija,1022,synthetic
Novo: party rasveta povoljno,1417,synthetic
rotirajući laser -,1075,synthetic
Izdajem radna platforma Makita,1239,synthetic
Rentiranje: thule nosac akcija,1597,synthetic
DJI monitori povoljno,306,synthetic
Najam narezač,1040,synthetic
Povoljno autosedište BMW,1591,synthetic
Izdajem parni cistac za vikend,1374,synthetic
Sony foto/video paketi povoljno,305,synthetic
Hitno Stihl trimer za ivice travnjaka,1339,synthetic
ic termometar,1065,synthetic
Novo: skarifajzer,1343,synthetic
Najam skladišna jedinica,1271,synthetic
prikolica za motocikl - - izdavanje,1629,synthetic
Rentiranje: detektor radona,1074,synthetic
bina -,1420,synthetic
Izdajem DJI mobilni telefon Novi Sad,1161,synthetic
ostalo u odeći JBL povoljno,1426,synthetic
ostalo u outdoor-u - na dan,1502,synthetic
Kettler stoni hokej - izdavanje,1525,synthetic
Povoljno Wurth strug Novi Sad,1112,synthetic
Hilti TE 3000 AVR – izdavanje,1177,real
Wurth ključevi i gedore na dan,1094,synthetic
stega i mengel - akcija,1084,synthetic
stoni ger za drvo - Beograd,1035,synthetic
masina za pranje pod pritiskom,1322,synthetic
inverter,1015,synthetic
zimska oprema Polar,1568,synthetic
VW vakuum tester - izdavanje,1612,synthetic
Najam/Iznajmljivanje Motorna testera za grane,1309,real
Povoljno crosstrainer,1553,synthetic
aligator testera - za vikend,1025,synthetic
Novo: Pioneer photo booth - izdavanje,1453,synthetic
vrtlarska testera i škare - Beograd,1355,synthetic
Novo: zvučna kartica Burton,1479,synthetic
Thule menjanje ulja Beograd,1610,synthetic
Rentiranje: Burton nosiljka za dete na dan,1491,synthetic
kompresor za vazduh Wurth,1191,synthetic
Izdajem Nikon foto štampač povoljno,1264,synthetic
Makita podupirač Beograd,1235,synthetic
Hitno igre na otvorenom Thule,1522,synthetic
dispenser za šlag JBL povoljno,1442,synthetic
Povoljno presa Bosch,1041,synthetic
crevo za komprimovani vazduh Bosch na dan,1190,synthetic
Novo: ostalo u baštenskim mašinama Villager,1328,synthetic
Izdajem bal haljina Novi Sad,1425,synthetic
Lux skladišna jedinica - izdavanje,1271,synthetic
Bosch orbitalna brusilica povoljno,1055,synthetic
stolica za proslavu Pioneer,1429,synthetic
baterije za kamere Sony za vikend,307,synthetic
aluminijumska skela,1232,synthetic
canon dslr Canon,1254,synthetic
štampač Asus Beograd,1171,synthetic
baterije i punjači -,1019,synthetic
kolica za kobasice JBL Beograd,1439,synthetic
Krovni koferi i krovni nosaci,1595,real
Renta makazaste platforme 12m,1193,real
pumpa za odvodnjavanje -,1311,synthetic
Najam jedrilica Thule,1623,synthetic
Set za isušivanje vlage,105,real
čistač krova Honda,1323,synthetic
Povoljno Yamaha skakavac na dan,1445,synthetic
Iznajmljujem Stihl trimer za travu - izdavanje,1310,synthetic
Miele nosiljka i stolica za bebu za vikend,1389,synthetic
Godox konverter - izdavanje,1275,synthetic
Na zajam grafoskop Apple,1245,synthetic
kombinovane merdevine - sa dostavom,1329,synthetic
Sup daske,1546,real
violina Capriolo sa dostavom,1483,synthetic
Izdajem jump starter Novi Sad,1587,synthetic
Povoljno Canon konverter na dan,1275,synthetic
Salomon električni surfboard sa dostavom,1542,synthetic
Novo: krovni nosač,1597,synthetic
Bosch merač krvnog pritiska Beograd,1403,synthetic
Iznajmljujem Bose sauna akcija,1455,synthetic
dji avata LG - izdavanje,1135,synthetic
Novo: radioničarska dizalica,1614,synthetic
Makita trakasta turpija povoljno,1047,synthetic
Najam/Iznajmljivanje građevinska skela Hilti,1232,synthetic
snowracer Thule sa dostavom,1571,synthetic
beer pong Yamaha,1444,synthetic
Povoljno ostalo u mehanizaciji terena DeWalt,1213,synthetic
mikroskop Kettler na dan,1521,synthetic
ATV Kvad rent,808,real
tražač greda Bosch akcija,1079,synthetic
električna invalidska kolica Polar Beograd,1582,synthetic
Novo: vodootporne torbe Capriolo,1493,synthetic
ostalo u blicevima i rasveti DJI,1290,synthetic
party odeća Pioneer na dan,1425,synthetic
Na zajam busilica akumulatorska Novi Sad,1181,synthetic
šator 0-23 m²,1458,synthetic
Najam/Iznajmljivanje Kettler outdoor odeća - izdavanje,1500,synthetic
Povoljno Makita svrdlo za zemlju - izdavanje,1211,synthetic
Iznajmljujem kanu Bockmann,1619,synthetic
stand up paddle,1546,synthetic
Povoljno pojačivač Burton,1469,synthetic
masina za kokice Pioneer,1454,synthetic
Hitno ostalo u kancelarijskim mašinama,1174,synthetic
Panasonic ring svetlo - izdavanje,1285,synthetic
Racing simulator iznajmljivanje,1156,real
Najam/iznajmljivanje tandem vibro valjka do 1700kg,1213,real
yoga prostirka -,1561,synthetic
Asus zvučna kartica Novi Sad,1131,synthetic
radna rasveta - Beograd,1012,synthetic
ugaona brusilica - na dan,1046,synthetic
burgije Einhell akcija,1178,synthetic
defibrilator Capriolo,1583,synthetic
Povoljno ronilačka oprema Salomon,1541,synthetic
Karcher ultrazvučno čišćenje na dan,1375,synthetic
paddleboard Kettler,1546,synthetic
Na zajam parna masina za ciscenje Beograd,1374,synthetic
Hitno bar sto sa dostavom,1428,synthetic
vodene igre Kettler Beograd,1528,synthetic
stoni fudbal - Beograd,1516,synthetic
media plejeri -,1244,synthetic
Novo: ostalo u radionici VW,1616,synthetic
gimbal za mobilni HP,1160,synthetic
bosch busilica Hilti,1181,synthetic
Najam/Iznajmljivanje Stihl freza za panjeve Beograd,1325,synthetic
Karcher inkubator za jaja sa dostavom,1413,synthetic
mobilna pilana - Novi Sad,1037,synthetic
Hitno ostala vozila Thule,808,synthetic
DeWalt građevinska grabulja Novi Sad,1210,synthetic
Burton outdoor paket povoljno,1501,synthetic
filter za objektiv - - izdavanje,1277,synthetic
stihl kosilica,1341,synthetic
Karcher mašine za šivenje na dan,506,synthetic
Povoljno Honda kolica za baštu - izdavanje,1356,synthetic
freza Gardena,1324,synthetic
Yamaha prsluk sa tegovima akcija,1560,synthetic
podupirač Bosch za vikend,1235,synthetic
slušalice - Novi Sad,1125,synthetic
trakasta turpija - Beograd,1047,synthetic
Na zajam stoni ger za drvo Einhell,1035,synthetic
xiaomi mobilni,1161,synthetic
Na zajam Kettler odeća za vodene sportove akcija,1549,synthetic
pomoćni krevet Bosch povoljno,1363,synthetic
prenosni zvučnik,1130,synthetic
pojačivač Thule za vikend,1469,synthetic
Na zajam vencanica akcija,1425,synthetic
Novo: xbox series x - izdavanje,1154,synthetic
Izdajem štampač nalepnica,1166,synthetic
Rentiranje: ostalo u projektorima i tv,1251,synthetic
tahimetar Hilti Novi Sad,1081,synthetic
Izdajem tahimetar,1081,synthetic
Povoljno prikolica za motocikl,1638,synthetic
oprema za objektive - Novi Sad,1280,synthetic
Novo: štafelaj,1514,synthetic
Povoljno Pioneer lonac za supu,1440,synthetic
rezač pločica - Beograd,1205,synthetic
rotacioni čekić - Beograd,1185,synthetic
Thule krovni nosač,1597,synthetic
fpv dron Samsung,1136,synthetic
Izdavanje Prikolica sa ceradom 231x131x119cm,1633,real
DeWalt ključevi i gedore,1094,synthetic
ostalo u održavanju travnjaka,1342,synthetic
Iznajmljivanje kamiona sa rukom-kranom (HIAB),1123,real
bazen sa mehurićima Yamaha za vikend,1446,synthetic
Na zajam jbl zvucnik Beograd,1130,synthetic
agregat za struju,1024,synthetic
građevinska grabulja -,1210,synthetic
Bosch strug,1112,synthetic
podupirač Bosch na dan,1235,synthetic
mašina za tetoviranje Polar sa dostavom,1526,synthetic
ostalo u zvuku Apple povoljno,1133,synthetic
Povoljno prsluk sa tegovima,1560,synthetic
Pioneer kostimi i maskiranje akcija,1424,synthetic
ključ - Novi Sad,1098,synthetic
Na zajam sintisajzer,1481,synthetic
benzinski agregat Makita,1024,synthetic
platforma za rad na visini Einhell,1193,synthetic
DeWalt stoni ger za drvo Beograd,1035,synthetic
multimetar -,1072,synthetic
Novo: DeWalt ostalo u komprimovanom vazduhu za vikend,1192,synthetic
Hitno poker set,1524,synthetic
nikon dslr,1254,synthetic
ostalo u dekoraciji - Novi Sad,1368,synthetic
Na zajam zeleni ekran,1304,synthetic
pizza peć Yamaha - izdavanje,1438,synthetic
ncs karta boja Wurth povoljno,1101,synthetic
klavir - Beograd,1478,synthetic
Audi dizalica za motocikl - izdavanje,1609,synthetic
ostalo u dekoraciji Bosch,1368,synthetic
Na zajam vrtlarska testera i škare Husqvarna,1355,synthetic
Povoljno kutija za valjak DeWalt,1108,synthetic
štafelaj - akcija,1514,synthetic
Na zajam slackline Kettler,1538,synthetic
fotometar Hilti,1068,synthetic
nosač bicikla na automobilu,1588,synthetic
tražač kabla - akcija,1063,synthetic
laserski daljinomer - - izdavanje,1066,synthetic
Povoljno Stihl ostalo u održavanju travnjaka povoljno,1342,synthetic
Hitno mašina za metenje,1326,synthetic
auto alati - na dan,1602,synthetic
Iznajmljivanje telehendera Beograd 14m viljuskar,1117,real
Iznajmljujem Miele remeni i pojasevi za selidbu,1409,synthetic
Rentiranje: moment ključ Bosch,1096,synthetic
jedriličarska odeća VW - izdavanje,1624,synthetic
Povoljno Wurth skidač boje na dan,1103,synthetic
vodootporne torbe - - izdavanje,1493,synthetic
Novo: snowboard - izdavanje,1568,synthetic
Najam/Iznajmljivanje čistač krova,1323,synthetic
Thule prikolica za dete (bicikl) - izdavanje,1505,synthetic
mobilni telefon - Novi Sad,1161,synthetic
Hilti kombinovana testera Beograd,1029,synthetic
honda agregat Wurth,1024,synthetic
Najam beer pong Bose,1444,synthetic
igrica Samsung sa dostavom,1153,synthetic
Najam/Iznajmljivanje Trofazni agregat 15kVA,1024,real
Novo: stono rende,1115,synthetic
gimbali i stabilizatori Godox povoljno,1297,synthetic
vr naočale -,1157,synthetic
Najam/Iznajmljivanje Villager berač voća akcija,1347,synthetic
Rentiranje: rezač pločica,1044,synthetic
vazdušni pištolj Wurth,1189,synthetic
Najam/Iznajmljivanje stono rende,1115,synthetic
Iznajmljujem jakuzi Yamaha,1450,synthetic
Thule bubnjevi,1473,synthetic
Wurth ugaona brusilica sa dostavom,1046,synthetic
dell laptop Asus,1148,synthetic
Bosch čistač tepiha i tapaciringa Novi Sad,1369,synthetic
ugaona bušilica Einhell na dan,1175,synthetic
Novo: vakuumski podizač stakla,1118,synthetic
Hitno Bosch merač kvaliteta vazduha Novi Sad,1061,synthetic
Iznajmljujem zaštita od štetočina Husqvarna,1352,synthetic
JBL chafing dish sa dostavom,1434,synthetic
razvodni ormar Hilti akcija,1022,synthetic
Najam Audi prikolica za motocikl za vikend,1638,synthetic
Na zajam Capriolo vodootporne torbe akcija,1493,synthetic
Iznajmljujem kombinovana busilica za vikend,1185,synthetic
Izdajem GoPro nosač za automobil,1294,synthetic
dji phantom Apple,1138,synthetic
ps4 Asus,1154,synthetic
građevinska skela - za vikend,1232,synthetic
Hilti vibro nabijač na dan,1208,synthetic
Philips ostalo u video igrama - izdavanje,1158,synthetic
Izdajem Sony ostali objektivi na dan,1281,synthetic
pos terminali - Novi Sad,209,synthetic
vibro nabijač Hilti Novi Sad,1208,synthetic
Iznajmljujem Panasonic ring svetlo za vikend,1285,synthetic
Iznajmljujem DeWalt trakasta turpija Beograd,1047,synthetic
Iznajmljujem aerator sa šupljim klinovima Husqvarna,1350,synthetic
Na zajam jednobojna pozadina,1305,synthetic
BMW transporter za automobile akcija,1627,synthetic
ostalo u auto opremi BMW,1599,synthetic
Miele merač krvnog pritiska povoljno,1403,synthetic
baterije i punjači Wurth povoljno,1019,synthetic
Izdajem dehidrator hrane,1380,synthetic
Najam luper LG,1126,synthetic
paintball - za vikend,1523,synthetic
busilica cekic DeWalt,1185,synthetic
sabljasta testera Einhell za vikend,1042,synthetic
Novo: prikolica za čamac,1618,synthetic
longboard i skejtbord - na dan,1519,synthetic
sony a7,1257,synthetic
Burton hokej sa dostavom,1565,synthetic
Novo: mirrorless sa dostavom,1257,synthetic
Novo: vodni ski i wakeboard Salomon,1548,synthetic
Novo: mrežna oprema,1149,synthetic
nogari za farbanje Hilti Novi Sad,1236,synthetic
lonci i tiganje -,1384,synthetic
windsurfing - - izdavanje,1550,synthetic
ostalo u rasveti i dimu - akcija,1421,synthetic
lift za suvi zid - - izdavanje,1234,synthetic
šank - akcija,1427,synthetic
Izdajem sokovnik na paru,1386,synthetic
aerator sa šupljim klinovima Gardena povoljno,1350,synthetic
Povoljno pozadina sa motivom,1306,synthetic
Najam berač voća Stihl,1347,synthetic
menjanje ulja BMW za vikend,1610,synthetic
DJI tablet Beograd,1164,synthetic
Hitno zaštita od komaraca Yamaha,1498,synthetic
Salomon ostalo u vodenim sportovima,1552,synthetic
perac pritiskom Husqvarna,1322,synthetic
Novo: gorillapod DJI,1298,synthetic
streaming oprema Nikon Novi Sad,1265,synthetic
pištolj za klamerice Makita za vikend,1215,synthetic
Izdajem ostalo u kancelarijskim mašinama Samsung,1174,synthetic
Hitno Bockmann motociklistička oprema,1637,synthetic
Honda trimer za travu,1310,synthetic
Hitno leđna prskalica Gardena,1349,synthetic
klavijatura - - izdavanje,1477,synthetic
Novo: ostalo u baštenskim mašinama,1328,synthetic
Rentiranje: huawei povoljno,1161,synthetic
dji mavic 3 - sa dostavom,1139,synthetic
Kettler društvene igre i slagalice Beograd,1512,synthetic
strug Hilti na dan,1112,synthetic
tahimetar Einhell - izdavanje,1081,synthetic
Bose photo booth povoljno,1453,synthetic
Najam/Iznajmljivanje podupirač Bosch,1235,synthetic
Vibro ploca - Wacker WP 1550 - izdavanje,1208,real
agregat Makita,1024,synthetic
merač boja Hilti na dan,1102,synthetic
čamac na gumu - Novi Sad,1540,synthetic
Samsung pc monitori Beograd,1150,synthetic
Iznajmljujem Philips pametni sat Novi Sad,1162,synthetic
bure za spaljivanje Stihl akcija,1346,synthetic
Najam Autodizalica- mobilni kran 60t Liepherr iznajmljivanje,1123,real
strug -,1112,synthetic
Najam stol za glodalicu Makita,1114,synthetic
Hitno Yamaha snowracer Novi Sad,1571,synthetic
šrafilice - za vikend,1186,synthetic
građevinska grabulja Makita Beograd,1210,synthetic
Kamion sa rukom-kranom dizalicom iznajmljivanje,1123,real
Wurth traktor sa dostavom,1198,synthetic
airsoft -,1511,synthetic
Brusilica Bosch PWS 13-125,1046,real
Hilti set bitova,1176,synthetic
čamac na vesla i dinghy Thule Beograd,1622,synthetic
karcher tepih Bosch,1369,synthetic
trimer,1310,synthetic
Najam/Iznajmljivanje vodene igre Salomon,1528,synthetic
Najam/Iznajmljivanje Miele jastuk za dojenje,1397,synthetic
Najam/Iznajmljivanje ostalo u zimskim sportovima Burton,1573,synthetic
Na zajam ostalo u vodoinstalaciji,1223,synthetic
Asus 3d štampač akcija,1165,synthetic
Na zajam krunska testera Einhell,1180,synthetic
studio Lux na dan,1272,synthetic
Povoljno DeWalt ostalo u testerama akcija,1045,synthetic
Najam vazdusni kompresor sa dostavom,1191,synthetic
Nikon studijski blic za vikend,1288,synthetic
Iznajmljujem ostalo u ručnim alatima DeWalt,1099,synthetic
Novo: tražač greda Bosch,1079,synthetic
Aluminijumske trodelne merdevine - 13 gazista,1329,real
🥂Barski stolovi i stolice – Napravite zonu za uživanje🥂,1430,real
Yamaha sobni bicikl - izdavanje,1555,synthetic
tronožac - akcija,1301,synthetic
Povoljno klješta Einhell,1090,synthetic
Novo: Dyson ostalo u ličnoj nezi,1406,synthetic
Honda kolica za prevoz,1361,synthetic
klavir - za vikend,1478,synthetic
Novo: alati za proširivanje,1216,synthetic
Rentiranje: projektor,1246,synthetic
kancelarija - povoljno,1269,synthetic
dj oprema Philips Beograd,1124,synthetic
ostalo u podnim oblogama Makita,1207,synthetic
Najam Gorenje ostalo u ličnoj nezi sa dostavom,1406,synthetic
Hitno ostali muzički instrumenti Thule,1485,synthetic
FLEX WST 700 VV - žirafa /najam,1051,real
Samsung tv akcija,1249,synthetic
vikendica - - izdavanje,1268,synthetic
Iznajmljujem koferi Capriolo,1577,synthetic
ultrazvučno čišćenje - akcija,1375,synthetic
JBL party rasveta,1417,synthetic
Izdajem čamac na gumu Salomon,1540,synthetic
Polar windsurfing - izdavanje,1550,synthetic
Wurth regulator šarki Beograd,1086,synthetic
Na zajam stihl kosilica na dan,1341,synthetic
Iznajmljujem udarna bušilica Wurth,1181,synthetic
Najam/Iznajmljivanje moment ključ DeWalt,1096,synthetic
Na zajam navigacija i komunikacija Polar,1499,synthetic
ključ za cevi -,1218,synthetic
alati za proširivanje - povoljno,1216,synthetic
merač buke Einhell akcija,1077,synthetic
Povoljno sous vide aparat,1385,synthetic
Villager kombinovane merdevine - izdavanje,1329,synthetic
DJI torba za kameru akcija,1261,synthetic
zvučna kartica - sa dostavom,1131,synthetic
ostalo u vodenim sportovima - - izdavanje,1552,synthetic
Apple štampač na dan,1171,synthetic
Makita damper - izdavanje,1194,synthetic
pištolj za silikon,1083,synthetic
kampovanje - povoljno,1489,synthetic
Salomon planinski štap akcija,1495,synthetic
Izdajem tronožac,1301,synthetic
Hitno Yamaha putni adapter za vikend,1578,synthetic
jump starter,1587,synthetic
Husqvarna visokotlačni perač - izdavanje,1322,synthetic
ostalo u farbanju -,1110,synthetic
Polar rashladna kutija i torba,1492,synthetic
Izdajem radna rasveta DeWalt,1012,synthetic
nosiljka i stolica za bebu - akcija,1389,synthetic
podupirac,1235,synthetic
Rentiranje: Pioneer nargila,1449,synthetic
laserski daljinomer Einhell Novi Sad,1066,synthetic
skidač izolacije - sa dostavom,1020,synthetic
pos terminali Samsung,209,synthetic
vibro valjak Makita,1208,synthetic
Najam/Iznajmljivanje Motorne makaze za živu ogradu / Trimer,1316,real
"bučice, tegovi i kettlebells Capriolo na dan",1554,synthetic
studijska lampa GoPro,1289,synthetic
Izdajem snowracer,1571,synthetic
4g ruter - akcija,1144,synthetic
kamera na kablu DJI povoljno,1292,synthetic
Najam/Iznajmljivanje kuhinjski pribor i aparati Karcher,1387,synthetic
Najam/Iznajmljivanje prikolica za čamac,1625,synthetic
baštenski nameštaj Honda sa dostavom,405,synthetic
Rentiranje: sintisajzer Kettler,1481,synthetic
skakavac Bose sa dostavom,1445,synthetic
Najam prikolice za prevoz automobila,1627,real
Husqvarna pobijač stubova za vikend,1354,synthetic
Iznajmljujem gimbal za mobilni,1160,synthetic
grafoskop Asus,1245,synthetic
Kamion sa korpom radna visina do 26 metara,1193,real
ic termometar Bosch - izdavanje,1065,synthetic
Najam Einhell osciloskop - izdavanje,1073,synthetic
Iznajmljivanje lazy bag-ova,1364,real
baterije za kamere - - izdavanje,307,synthetic
Einhell cirkularna testera - izdavanje,1028,synthetic
Rentiranje: studijska lampa GoPro,1289,synthetic
skidač tapeta -,1109,synthetic
Najam/Iznajmljivanje ostalo u biciklizmu Yamaha,1509,synthetic
stega i mengel Makita povoljno,1084,synthetic
ostalo u zimskim sportovima - povoljno,1573,synthetic
kancelarija - za vikend,1269,synthetic
Izdajem pancerice Novi Sad,1568,synthetic
štampač nalepnica LG,1166,synthetic
Iznajmljujem ostalo u projektorima i tv,1251,synthetic
punjač baterija za vozila - na dan,1587,synthetic
Iznajmljivanje CanonG7X iii kamere,1253,real
Povoljno kontrola korova Villager,1360,synthetic
narezač Hilti za vikend,1040,synthetic
Najam/Iznajmljivanje Hilti multimetar za vikend,1072,synthetic
Najam Godox monitori za vikend,306,synthetic
lonac za supu Bose za vikend,1440,synthetic
Izdajem Sony dji mavic - izdavanje,1138,synthetic
kompresor Makita na dan,1191,synthetic
kokicar,1454,synthetic
Dvorac na naduvavanje i bubbl,1457,real
Rentiranje: Beko ostalo u selidbi za vikend,1411,synthetic
Einhell skidač boje Novi Sad,1103,synthetic
Najam sauna,1455,synthetic
Hitno penjanje po snegu i ledu,1570,synthetic
Karcher parna mašina za čišćenje sa dostavom,1374,synthetic
Iznajmljivanje telehendlera Beograd 14m viljuskar,1117,real
Povoljno party paketi Pioneer,608,synthetic
Izdajem Capriolo jetski sa dostavom,1543,synthetic
Würth produžni kabl dužine 10m,1021,real
JBL sauna,1455,synthetic
fontana od čokolade - Beograd,1447,synthetic
mrežna oprema LG,1149,synthetic
Izdajem party odeća Bose,1425,synthetic
Salomon čeona lampa sa dostavom,1494,synthetic
Na zajam dji inspire,1137,synthetic
visokotlačni perač Villager na dan,1322,synthetic
dečiji bicikli i oprema Gorenje,1394,synthetic
Izdajem duvački instrument Kettler,1484,synthetic
Samsung grafička tabla za vikend,1147,synthetic
Bockmann krovni nosač za ski sa dostavom,1596,synthetic
Hilti brusilica za suvi zid akcija,1051,synthetic
Wurth damper,1194,synthetic
ostalo u građevini i alatima Wurth na dan,1013,synthetic
ostalo u aktivnostima,1457,synthetic
Hitno sto za tapete DeWalt,1106,synthetic
kramp - za vikend,1353,synthetic
Thule čamac na vesla i dinghy Novi Sad,1622,synthetic
Najam/Iznajmljivanje bebi monitor Karcher,1390,synthetic
"Hitno bučice, tegovi i kettlebells Kettler",1554,synthetic
detektor metala Einhell povoljno,1070,synthetic
Iznajmljujem pištolj za lepak,1087,synthetic
Na zajam Hilti paket za podove akcija,1203,synthetic
Izdajem motorka za drvo za vikend,1309,synthetic
pizza peć Bose Novi Sad,1438,synthetic
Prikolica 2.5m rentiram,1630,real
toplotni pištolj Bosch,1054,synthetic
Povoljno Husqvarna baštenski nameštaj,405,synthetic
paketi alata Bosch akcija,1010,synthetic
transporter za automobile - Novi Sad,1627,synthetic
Rentiranje: cistac tepiha Novi Sad,1369,synthetic
Hitno Thule prikolica za teret na biciklu povoljno,1503,synthetic
kompaktni fotoaparat Godox Novi Sad,1253,synthetic
Einhell ostalo u građevini i alatima akcija,1013,synthetic
Hitno laserski nivelator DeWalt,1067,synthetic
DeWalt ostalo u transportu Novi Sad,1123,synthetic
Najam mašina za tetoviranje,1526,synthetic
Haljine za iznajmiti,1425,real
građevinska grabulja Bosch,1210,synthetic
visoki sto Pioneer,1428,synthetic
skela DeWalt,1232,synthetic
LG dji avata za vikend,1135,synthetic
čistač tepiha i tapaciringa - povoljno,1369,synthetic
Samsung konzola Beograd,1154,synthetic
Iznajmljujem reket sportovi,1537,synthetic
kokičar - za vikend,1454,synthetic
Izdajem Gardena kramp sa dostavom,1353,synthetic
Iznajmljujem brusilica za podove,1201,synthetic
veliki ekran - na dan,1242,synthetic
skila platforma Bosch,1193,synthetic
kanu Audi,1619,synthetic
Novo: vhs plejer Asus,1250,synthetic
Najam/Iznajmljivanje baštenski nameštaj,405,synthetic
Kosilica na daljinski renta,1341,real
Hitno rezač dokumenata HP,1173,synthetic
Iznajmljujem hladnjace povoljno,1441,real
paket za podove - akcija,1203,synthetic
Novo: longboard i skejtbord Thule,1519,synthetic
planinski štap Thule,1495,synthetic
sladoled i slush mašine - sa dostavom,1451,synthetic
Na zajam Bose šank sa dostavom,1427,synthetic
Na zajam pojačivač Yamaha,1469,synthetic
Capriolo kajak na dan,1544,synthetic
Stihl kompostni valjak na dan,1337,synthetic
ostalo u čišćenju i pranju Bosch povoljno,1378,synthetic
Rentiranje: rešo,1435,synthetic
SONY A7 III 35 MM FE org Sony objektiv,1257,real
Na zajam električna invalidska kolica,1582,synthetic
Akumulatorska bušilica/čekić Makita DHR 241,1185,real
Tent Event – Iznajmljivanje opreme za proslave i događaje,608,real
sanke Salomon na dan,1569,synthetic
hodalica,1584,synthetic
krovni nosač VW,1597,synthetic
Yamaha reket sportovi na dan,1537,synthetic
bicikli Salomon na dan,1507,synthetic
Izdajem grafička tabla sa dostavom,1147,synthetic
vodni ski i wakeboard - na dan,1548,synthetic
Hitno menjanje ulja,1610,synthetic
Iznajmljujem vr naočale,1157,synthetic
mavic pro,1139,synthetic
Hitno DeWalt ostalo u transportu akcija,1123,synthetic
Hitno skijaški roleri Burton,1566,synthetic
Hitno kolica za teret Gorenje,1410,synthetic
Izdajem ostalo u stativima DJI,1303,synthetic
Iznajmljujem rezač laminata,1204,synthetic
Renta makazaste DIZALICE 14m,1193,real
Povoljno freza za panjeve Stihl,1325,synthetic
Novo: kombinovana testera,1029,synthetic
koferi Burton akcija,1577,synthetic
punjač baterija za vozila - akcija,1601,synthetic
Povoljno Burton hokej za vikend,1565,synthetic
media plejeri Apple sa dostavom,1244,synthetic
stolica za proslavu,1429,synthetic
Najam/Iznajmljivanje detektor radona Bosch,1074,synthetic
Na zajam Philips projekciono platno - izdavanje,1247,synthetic
Iznajmljujem yoga prostirka,1561,synthetic
Rentiranje: Yamaha ostalo u vodenim sportovima,1552,synthetic
Izdajem ostalo u građevini i alatima Einhell,1013,synthetic
rotirajući laser,1075,synthetic
Novo: ostalo za decu,1402,synthetic
Karcher dečija odeća Beograd,1395,synthetic
Povoljno Burton stoni hokej sa dostavom,1525,synthetic
GoPro Hero 13 Black,1260,real
Rentiranje: skener Samsung,1172,synthetic
karcher,1322,synthetic
Gorenje ostalo za kućne ljubimce,1415,synthetic
ostalo u odeći Bose povoljno,1426,synthetic
Auto prikolica vesta 25,1630,real
vodene igre Capriolo sa dostavom,1528,synthetic
epilacija Karcher - izdavanje,1404,synthetic
rigovi i ramena za kameru Sony,1293,synthetic
Hitno party odeca za vikend,1425,synthetic
Cirkular Einhell TKK 700/200,1028,real
"Industrijski ventilator za hale, magacine Master BC 221",105,real
Povoljno crosstrainer Thule,1553,synthetic
Najam/Iznajmljivanje ostalo u igranju i hobiju,1529,synthetic
Wurth merač energije povoljno,1064,synthetic
bar sto Bose Novi Sad,1428,synthetic
Wurth udarna bušilica sa dostavom,1181,synthetic
Iznajmljujem DJI mirrorless kamera Novi Sad,1257,synthetic
kosilica za travu Husqvarna,1341,synthetic
"Na zajam bučice, tegovi i kettlebells Capriolo",1554,synthetic
alati za proširivanje Wurth,1216,synthetic
Najam/Iznajmljivanje hp laptop - izdavanje,1148,synthetic
Izdajem laserski daljinomer,1066,synthetic
sauna Pioneer,1455,synthetic
skakavac Yamaha sa dostavom,1445,synthetic
podupirač Makita sa dostavom,1235,synthetic
Pioneer dispenser za šlag sa dostavom,1442,synthetic
Hitno aligator testera,1025,synthetic
bar sto Pioneer - izdavanje,1428,synthetic
Iznajmljujem ostalo u blicevima i rasveti,1290,synthetic
Povoljno klizaljke,1567,synthetic
Na zajam Stihl mašina za polaganje kablova za vikend,1336,synthetic
Rentiranje: Wurth precizna brusilica akcija,1050,synthetic
JBL party box 320,1130,real
Povoljno merač vlage Einhell,1071,synthetic
hodalica Yamaha na dan,1584,synthetic
GoPro kran i jib povoljno,1296,synthetic
fudbal Kettler,1534,synthetic
Na zajam Wurth presa povoljno,1220,synthetic
trakasta turpija - za vikend,1047,synthetic
stub bušilica Wurth Novi Sad,1183,synthetic
Yamaha ostalo u aktivnostima povoljno,1457,synthetic
berba šumskih plodova - povoljno,1487,synthetic
DeWalt prekrivači prozora,1233,synthetic
Novo: košara za vatru JBL,1465,synthetic
Najam/Iznajmljivanje BMW jump starter akcija,1593,synthetic
Povoljno JBL fontana od čokolade povoljno,1447,synthetic
Mesalica 350 litara - izdavanje,1209,real
Novo: Makita krunska testera Beograd,1180,synthetic
gorillapod Sony - izdavanje,1298,synthetic
Stihl mašina za drva Beograd,1312,synthetic
ruksak Capriolo Novi Sad,1486,synthetic
Thule alat za lanac motocikla Novi Sad,1608,synthetic
Izdajem hodalica Salomon,1584,synthetic
Najam/Iznajmljivanje fly jumpers,1515,synthetic
Hitno Miele autosedište,1393,synthetic
stalak i kabl Capriolo akcija,1480,synthetic
Najam kran i jib,1296,synthetic
DeWalt kalemovi i električni kablovi povoljno,1021,synthetic
Povoljno golf,1535,synthetic
Canon kamera na kablu povoljno,1292,synthetic
Hitno ribač podova Bosch,1373,synthetic
outdoor paket Salomon Novi Sad,1501,synthetic
mašina za laminiranje Sony povoljno,1167,synthetic
Novo: projekciono platno,1247,synthetic
sup daska Polar,1546,synthetic
Izdajem mašina za laminiranje,1167,synthetic
Suncobran 3x3,405,real
Na zajam Beko mini rerna na dan,1383,synthetic
ručni ger za drvo - za vikend,1036,synthetic
Povoljno Bosch varenje piva i vinarstvo sa dostavom,1379,synthetic
Najam lov i ribolov Yamaha,1497,synthetic
sintisajzer Thule povoljno,1481,synthetic
ostalo u selidbi Beko,1411,synthetic
Einhell merač vlage sa dostavom,1071,synthetic
canon 5d,1254,synthetic
Iznajmljujem Canon tronožac,1301,synthetic
Iznajmljujem dečiji nameštaj,1396,synthetic
dvogled -,1488,synthetic
Novo: kolica za teret,1410,synthetic
Najam/Iznajmljivanje trakasta brusilica,1048,synthetic
Rentiranje: mašina za laminiranje Philips,1167,synthetic
Povoljno udarna bušilica,1181,synthetic
Povoljno dslr povoljno,1254,synthetic
ribolov magnetom Yamaha na dan,1520,synthetic
Najam/Iznajmljivanje dijagnostički alat VW,1603,synthetic
mašina za šećernu vunu - akcija,1448,synthetic
masina za kokice,1454,synthetic
Iznajmljujem Burton navigacija i komunikacija,1499,synthetic
Najam/Iznajmljivanje ncs karta boja,1101,synthetic
Povoljno skijaska oprema povoljno,1568,synthetic
Na zajam Sony solarni punjač povoljno,1163,synthetic
pištolj za boju Einhell na dan,1105,synthetic
defibrilator,1583,synthetic
Izdajem Husqvarna detektor kablova za robotske kosilice za vikend,1335,synthetic
Izdajem beton i armatura,1209,synthetic
Iznajmljujem makita busilica Novi Sad,1181,synthetic
Rentiranje: Salomon ukulele na dan,1482,synthetic
samsung galaxy,1161,synthetic
Izdajem Wurth laserski nivelator Novi Sad,1067,synthetic
hp laptop LG,1148,synthetic
pumpica za balone - sa dostavom,1462,synthetic
Novo: Makita osciloskop povoljno,1073,synthetic
Na zajam ostali prostori Lux,1273,synthetic
Iznajmljujem prikolica s pokrivačem,1633,synthetic
Iznajmljujem JBL šank - izdavanje,1427,synthetic
Rentiranje: trampolin,1527,synthetic
Hitno Bosch kružna testera za metal povoljno,1034,synthetic
Karcher puzzi 10/1 DUBINSKO PRANJE,1369,real
Najam/Iznajmljivanje krovni nosac za vikend,1597,synthetic
Na zajam laserski rezač,1168,synthetic
stemarka,1177,synthetic
Povoljno merač boja Hilti,1102,synthetic
Najam/Iznajmljivanje stolica za proslavu povoljno,1429,synthetic
Na zajam otvorena prikolica BMW,1630,synthetic
Honda makaze za živicu,1316,synthetic
Novo: libela Bosch,1078,synthetic
ostalo u foto i video,310,synthetic
Najam kamera na kablu,1292,synthetic
okidač blica - akcija,1283,synthetic
prskalica za malter Einhell povoljno,1107,synthetic
Einhell regulator šarki Novi Sad,1086,synthetic
hilti busilica Makita,1181,synthetic
ncs karta boja - povoljno,1101,synthetic
čistač tepiha i tapaciringa Bosch,1369,synthetic
Iznajmljivanje Masine za Dubinsko Pranje Gratis Parocistac,1369,real
Auto slep prikolica,1627,real
rezač laminata,1204,synthetic
Einhell agregat na dan,1024,synthetic
Iznajmljujem Karcher ribač podova akcija,1373,synthetic
kajak - povoljno,1544,synthetic
haljina JBL,1425,synthetic
laserski rezač Philips akcija,1168,synthetic
otvorena prikolica Audi akcija,1630,synthetic
Najam Asus dji avata Beograd,1135,synthetic
stemalica Bosch,1177,synthetic
Hitno DJI tablet za vikend,1164,synthetic
ekspedicione sanke Kettler,1564,synthetic
Hitno menjanje ulja,1610,synthetic
ostalo u vežbanju i teretani Salomon za vikend,1562,synthetic
Thule outdoor odeća akcija,1500,synthetic
Novo: ostalo u outdoor-u,1502,synthetic
sds cekic Wurth,1185,synthetic
Rentiranje: čelo,1471,synthetic
memorijske kartice DJI povoljno,308,synthetic
Iznajmljujem Philips slajd projektor za vikend,1248,synthetic
slike - - izdavanje,1365,synthetic
reflektorski ekran - povoljno,1284,synthetic
Najam reflektorski ekran Panasonic,1284,synthetic
Izdajem ostale kamere,1260,synthetic
dell laptop,1148,synthetic
monitori Canon,306,synthetic
DeWalt čekić Novi Sad,1088,synthetic
sveća i svećnjak Bose povoljno,1463,synthetic
canon r5 Sony,1257,synthetic
Iznajmljujem Philips pc monitori povoljno,1150,synthetic
zatvorena prikolica VW,1628,synthetic
Na zajam trampolin,1527,synthetic
Povoljno GoPro pozadina sa motivom povoljno,1306,synthetic
Hitno stoni hokej,1525,synthetic
cepač drva - na dan,1318,synthetic
Povoljno stemarka povoljno,1177,synthetic
mini damper DeWalt na dan,1197,synthetic
Najam libela Einhell,1078,synthetic
ostalo u mernim instrumentima - - izdavanje,1082,synthetic
Pagode Paviljoni Stolovi Stolice,1430,real
skakavac - na dan,1445,synthetic
Iznajmljujem torba za transport bicikla,1506,synthetic
Iznajmljujem parking i garaža Premium,1270,synthetic
fpv dron,1136,synthetic
secerna vuna JBL,1448,synthetic
Hilti prekrivači prozora povoljno,1233,synthetic
Na zajam navigacija i komunikacija,1499,synthetic
Stihl trimer za travu,1310,synthetic
dji mavic 3 - na dan,1139,synthetic
Makita stol za glodalicu Beograd,1114,synthetic
ultrazvučno čišćenje Beko - izdavanje,1375,synthetic
električna invalidska kolica Burton Novi Sad,1582,synthetic
Najam/Iznajmljivanje šator 24-32 m² JBL,1459,synthetic
Najam Yamaha nosiljka za dete na dan,1491,synthetic
udarni ključ - povoljno,1182,synthetic
nosiljka i stolica za bebu - - izdavanje,1389,synthetic
merač buke Wurth za vikend,1077,synthetic
nikon dslr GoPro,1254,synthetic
Bose košara za vatru na dan,1465,synthetic
ruksak - Beograd,1486,synthetic
ventilacija i grejanje -,105,synthetic
baloni,1416,synthetic
Povoljno DeWalt baterije i punjači Beograd,1019,synthetic
Novo: prikolica za konje,1640,synthetic
Povoljno trimer za ivice travnjaka Stihl,1339,synthetic
merač krvnog pritiska -,1403,synthetic
GoPro kran i jib za vikend,1296,synthetic
Hitno fly jumpers,1515,synthetic
Makita metar - izdavanje,1069,synthetic
Izdajem Einhell kutija za valjak za vikend,1108,synthetic
jetski - Beograd,1620,synthetic
Novo: Villager drobionica drveta za vikend,1327,synthetic
stono rende - - izdavanje,1115,synthetic
ostali muzički instrumenti - povoljno,1485,synthetic
dvd i blu-ray Samsung,1243,synthetic
kiteboarding Polar sa dostavom,1545,synthetic
Najam memorijske kartice,308,synthetic
Povoljno Karcher sous vide aparat Beograd,1385,synthetic
krunska testera Hilti,1180,synthetic
Rentiranje: Bosch sto za tapete Beograd,1237,synthetic
Izdajem zvučna kartica,1131,synthetic
Na zajam parna presa za odeću Beko,1370,synthetic
ostalo u bašti Honda Novi Sad,406,synthetic
Ugaona brusilica velika Bosch GWS 2200-230,1046,real
Izdajem Wurth merač energije,1064,synthetic
Na zajam igre na otvorenom Salomon,1522,synthetic
oprema za dronove,1134,synthetic
Na zajam klješta,1090,synthetic
ručno rende - sa dostavom,1111,synthetic
kosilica za travu,1341,synthetic
ostalo u građevinskoj mehanizaciji - Novi Sad,1199,synthetic
duvač lišća Stihl na dan,1317,synthetic
Hitno punjač baterija za vozila VW,1601,synthetic
Iznajmljujem ostale brusilice,1059,synthetic
Hitno Hilti viljuškar,1117,synthetic
Najam/iznajmljivanje benzinske samohodne kosilice,1341,real
Povoljno ventilacija i grejanje,105,synthetic
robot za bazen Husqvarna,1321,synthetic
nikon d850,1254,synthetic
Godox follow focus i nosač objektiva Novi Sad,1263,synthetic
sladoled masina,1451,synthetic
Novo: pc monitori,1150,synthetic
Hitno blic GoPro,1282,synthetic
Cevi za spustanje suta -levak za sut - izdavanje,1230,real
Rentiranje: podupirac za vikend,1235,synthetic
Novo: graficka tabla - izdavanje,1147,synthetic
Hitno Capriolo ostalo u vežbanju i teretani,1562,synthetic
Rentiranje: prikolica za čamac,1625,synthetic
Najam kofer za alat DeWalt,1095,synthetic
motorka za drvo,1309,synthetic
sto za tapete Hilti na dan,1106,synthetic
prostirka za igru Bosch akcija,1398,synthetic
Honda leđna prskalica - izdavanje,1349,synthetic
Novo: agregat Beograd,1024,synthetic
thule nosac Audi,1597,synthetic
Novo: krovni kofer,1595,synthetic
Povoljno zaštitna oprema,1008,synthetic
jedrilica Audi - izdavanje,1623,synthetic
generator,1024,synthetic
Novo: krovni kofer Yamaha,1595,synthetic
stolica-stepenik - Novi Sad,1332,synthetic
Izdajem hokej,1565,synthetic
sto za tapete - akcija,1106,synthetic
mavic air Philips,1139,synthetic
Hitno skarifajzer,1343,synthetic
fudbal - Novi Sad,1534,synthetic
Mašine za isušivanje vlage,105,real
Novo: ostali muzički instrumenti Salomon,1485,synthetic
skener Asus,1172,synthetic
photo booth Pioneer za vikend,1453,synthetic
fudbal -,1534,synthetic
Iznajmljujem putovanje s decom Beko,1401,synthetic
Rentiranje: studio Standard,1272,synthetic
Iznajmljujem Einhell sto za tapete sa dostavom,1106,synthetic
Rentiranje: kramp,1353,synthetic
stona testera - - izdavanje,1043,synthetic
specijalne kamere - za vikend,1259,synthetic
visokopritisni perac,1322,synthetic
Yamaha stolice za proslave na dan,1429,synthetic
Rentiranje: Yamaha sauna za vikend,1455,synthetic
ostalo u računarima Sony za vikend,1151,synthetic
Novo: Honda kolica za prevoz,1361,synthetic
električni aparat za zavarivanje Makita Beograd,1224,synthetic
Povoljno Capriolo longboard i skejtbord,1519,synthetic
Na zajam Burton ostalo u igranju i hobiju za vikend,1529,synthetic
kofer za bicikl Yamaha akcija,1574,synthetic
Rentiranje: šank,1427,synthetic
HP tv,1249,synthetic
Na zajam ostalo u bušilicama i šrafilicama,1188,synthetic
Rentiranje: ostalo u rasveti i dimu Pioneer,1421,synthetic
Na zajam airsoft,1511,synthetic
Povoljno Kettler airsoft za vikend,1511,synthetic
ostalo u sportu -,1539,synthetic
stilizovanje i dekoracija Yamaha Beograd,1467,synthetic
Yamaha prikolica za motocikl - izdavanje,1629,synthetic
Novo: paletni viljuškar,1119,synthetic
Iznajmljujem skladišna jedinica Standard,1271,synthetic
stoni hokej - Novi Sad,1525,synthetic
dizalica za motocikl VW,1609,synthetic
šator 24-32 m² - za vikend,1459,synthetic
Hitno Audi prikolica za čamac na dan,1618,synthetic
Barski stolovi iznajmljivanje,1428,real
Novo: gradjevinska skela na dan,1232,synthetic
kolica za kobasice -,1439,synthetic
Polar duvački instrument akcija,1484,synthetic
Hitno ostalo u kancelarijskim mašinama Philips,1174,synthetic
Iznajmljujem Pioneer šator 24-32 m²,1459,synthetic
Najam/Iznajmljivanje ostalo u kući Miele,509,synthetic
prenosni zvucnik,1130,synthetic
Izdajem slackline,1538,synthetic
stilizovanje kose -,1405,synthetic
DeWalt pištolj za lepak Beograd,1087,synthetic
ostalo u vodoinstalaciji Wurth Novi Sad,1223,synthetic
Iznajmljujem Yamaha ostalo u aktivnostima sa dostavom,1457,synthetic
Novo: stol za glodalicu,1114,synthetic
lov i ribolov Thule,1497,synthetic
krovna kutija Bockmann,1595,synthetic
Honda alati za čišćenje oluka na dan,1315,synthetic
Najam zimska oprema sa dostavom,1568,synthetic
lopata - na dan,1357,synthetic
party paketi Yamaha,608,synthetic
kosilica - Novi Sad,1341,synthetic
Rentiranje: ostalo u bašti Husqvarna,406,synthetic
Izdajem prikolica za drvo,1631,synthetic
skijaska oprema,1568,synthetic
laserski nivelator - na dan,1067,synthetic
duvački instrument - Beograd,1484,synthetic
Povoljno šipka za zgibove,1559,synthetic
Hitno koktel sto Novi Sad,1428,synthetic
Kettler pojas za hidrataciju,1557,synthetic
nosač bicikla Capriolo,1504,synthetic
HILTI VC 40 usisivac – izdavanje,1376,real
kolica za građevinski otpad - sa dostavom,1230,synthetic
ostalo u stativima Canon - izdavanje,1303,synthetic
stihl kosilica Honda,1341,synthetic
Najam/Iznajmljivanje Nikon filmska kamera sa dostavom,1256,synthetic
tahimetar - akcija,1081,synthetic
Rentiranje: Capriolo air track akcija,1510,synthetic
dim masina Yamaha,1418,synthetic
party rasveta Yamaha sa dostavom,1417,synthetic
dečiji nameštaj Dyson Novi Sad,1396,synthetic
Karcher Puzzi 10/1,1369,real
Najam šipka za zgibove,1559,synthetic
Roze Medaljon stolice,1429,real
Izdajem ostalo u nameštaju za proslave Bose,1432,synthetic
sekira - akcija,1345,synthetic
dizalica i stalci - Beograd,1606,synthetic
sobni bicikl - povoljno,1555,synthetic
prikolica za dete (bicikl) Salomon povoljno,1505,synthetic
dvogled - za vikend,1488,synthetic
slush masina Pioneer,1451,synthetic
nargila - Novi Sad,1449,synthetic
drobionica drveta,1327,synthetic
Najam tela kamera za ronjenje,1267,synthetic
VW jump starter,1593,synthetic
Najam/Iznajmljivanje pijuk,1085,synthetic
Povoljno dvogled Capriolo,1488,synthetic
studio Premium,1272,synthetic
auto punjac BMW,1587,synthetic
štake - na dan,1581,synthetic
Pioneer rešo na dan,1435,synthetic
Povoljno Sony torba za kameru,1261,synthetic
Hilti mig aparat,1226,synthetic
stoni ger za drvo Wurth Beograd,1035,synthetic
odeća za vodene sportove - sa dostavom,1549,synthetic
Na zajam specijalne kamere,1259,synthetic
grejač bočica - sa dostavom,1391,synthetic
freza Husqvarna Beograd,1324,synthetic
solarni punjač -,1163,synthetic
trimer za ivice travnjaka Stihl - izdavanje,1339,synthetic
Makita kutija za valjak na dan,1108,synthetic
Polar odbojka na pesku Beograd,1530,synthetic
prikolica za drvo Bockmann povoljno,1631,synthetic
Pioneer ostalo u šatorima povoljno,1461,synthetic
dji inspire - Novi Sad,1137,synthetic
Izdajem BMW prikolica za konje povoljno,1640,synthetic
Iznajmljujem Karcher mini rerna,1383,synthetic
Najam/Iznajmljivanje duvač lišća,1317,synthetic
HP pametni zvučnik - izdavanje,1018,synthetic
nogari za farbanje Hilti,1104,synthetic
Audi krovni nosač za ski za vikend,1596,synthetic
Najam DeWalt cirkularna testera - izdavanje,1028,synthetic
studijska lampa -,1289,synthetic
Na zajam nosač za kanu i kajak BMW,1589,synthetic
Najam/Iznajmljivanje građevinska skela Hilti,1232,synthetic
kolica za montažu VW Novi Sad,1600,synthetic
Thule lanci za sneg za vikend,1598,synthetic
kiteboarding - akcija,1545,synthetic
bager -,1195,synthetic
mini rerna Beko Beograd,1383,synthetic
pc monitori - sa dostavom,1150,synthetic
kolica za baštu Honda za vikend,1356,synthetic
ostalo u kuhinji - za vikend,1388,synthetic
Najam maska za zavarivanje,1228,synthetic
sup,1546,synthetic
objektivi za srednji format - Novi Sad,1278,synthetic
Na zajam JBL ostalo u dekoraciji povoljno,1468,synthetic
Najam ostalo u pozadinama,1308,synthetic
Najam/Iznajmljivanje regulator šarki,1086,synthetic
Izdajem okidač blica GoPro,1283,synthetic
parocistac Miele,1374,synthetic
šator 24-32 m² Bose Novi Sad,1459,synthetic
Najam Samsung ostalo u video igrama na dan,1158,synthetic
Najam Yamaha krovni kofer,1595,synthetic
ostalo za decu Dyson sa dostavom,1402,synthetic
stono rende - povoljno,1115,synthetic
alati za čišćenje oluka Husqvarna Novi Sad,1315,synthetic
Hitno dell laptop sa dostavom,1148,synthetic
Philips dj oprema Novi Sad,1124,synthetic
Rentiranje: streaming oprema,1265,synthetic
kolica za prevoz - sa dostavom,1361,synthetic
Povoljno kostimi i maskiranje Bose,1424,synthetic
Izdajem odeća za vodene sportove Thule,1549,synthetic
brusilica za suvi zid - - izdavanje,1051,synthetic
LG skener za fotografije za vikend,1170,synthetic
ostale kamere - na dan,1260,synthetic
grabulje za nivelisanje - akcija,1340,synthetic
lopata za sneg - Beograd,1358,synthetic
pozadina sa motivom - za vikend,1306,synthetic
mikrofon - Novi Sad,1127,synthetic
Najam Apple grafoskop Beograd,1245,synthetic
Iznajmljujem starter baterija,1587,synthetic
AGREGAT: 3kVA - 325kVA,1024,real
Burton prva pomoć i cpr akcija,1583,synthetic
Na zajam Polar odbojka na pesku akcija,1530,synthetic
Salon venčanica- Wedding studio N,1425,real
Najam stoni hokej Kettler,1525,synthetic
JBL roštilj sa dostavom,1433,synthetic
kamera na kablu - - izdavanje,1292,synthetic
Povoljno playstation 5 Beograd,1154,synthetic
detektor metala -,1070,synthetic
HP rezač papira,1169,synthetic
motorni čamac -,1621,synthetic
Sony polaroid kamera na dan,1258,synthetic
Izdajem mašina za polaganje kablova,1336,synthetic
jedrilica VW - izdavanje,1623,synthetic
Povoljno ključevi i gedore,1094,synthetic
mašina za bušenje Makita,1179,synthetic
Hitno Godox specijalne kamere Novi Sad,1259,synthetic
bar sto,1428,synthetic
Novo: beer pong,1444,synthetic
autosedište - na dan,1591,synthetic
Hitno skener za fotografije Asus,1170,synthetic
Hitno Beko čistač prozora akcija,1377,synthetic
parna masina za ciscenje,1374,synthetic
Najam nosiljka i stolica za bebu,1389,synthetic
punjač baterija za vozila VW akcija,1587,synthetic
slackline Polar akcija,1538,synthetic
Hitno ostalo za proslave Bose,610,synthetic
Lux vikendica,1268,synthetic
Novo: ostalo u foto i video,310,synthetic
Yamaha rampa,1611,synthetic
BMW prikolica za čamac za vikend,1625,synthetic
rasipač za đubrivo Honda povoljno,1344,synthetic
rezač cevi Einhell akcija,1217,synthetic
Izdajem HP dji fpv povoljno,1136,synthetic
Povoljno oprema za lavine Kettler,1563,synthetic
Najam Yamaha jahanje akcija,1532,synthetic
vibro ploca DeWalt,1208,synthetic
Hitno Salomon crosstrainer akcija,1553,synthetic
kinematografski prime objektivi,1274,synthetic
ostalo u ketering kuhinji Pioneer na dan,1443,synthetic
alati za točkove i gume - Novi Sad,1613,synthetic
led par Yamaha,1417,synthetic
VW ostalo u prikolicama Beograd,1634,synthetic
Novo: bure za spaljivanje Honda,1346,synthetic
gradjevinska skela DeWalt,1232,synthetic
ostalo u kancelarijskim mašinama LG Beograd,1174,synthetic
GoPro baterije za kamere,307,synthetic
DeWalt presa,1220,synthetic
Izdajem sanke,1569,synthetic
ps4,1154,synthetic
rigovi i ramena za kameru -,1293,synthetic
Hitno JBL posuđe i pribor za jelo akcija,1441,synthetic
Novo: Gardena čistač terasa - izdavanje,1320,synthetic
Iznajmljujem ostalo u zavarivanju,1229,synthetic
DJI kinematografski prime objektivi sa dostavom,1274,synthetic
Najam/Iznajmljivanje Električno rende/hoblerica 110mm,1111,real
Izdajem kamp prikolica Yamaha,1635,synthetic
Hitno ostalo u blicevima i rasveti,1290,synthetic
Najam/Iznajmljivanje merač energije Makita,1064,synthetic
Hitno mešalica boje Bosch,1100,synthetic
Rentiranje: kofer za bicikl,1574,synthetic
teleskopske merdevine -,1334,synthetic
studijski blic Canon,1288,synthetic
ostalo u nameštaju za proslave - - izdavanje,1432,synthetic
Rentiranje: paddleboard akcija,1546,synthetic
POSUDE ZA ODRŽAVANJE TEMPERATURE HRANE (CHAFING DISH),1434,real
Na zajam Premium kancelarija,1269,synthetic
Najam DJI digitalna kino kamera,1255,synthetic
rezač kamena - povoljno,1212,synthetic
baterije za kamere - za vikend,307,synthetic
Najam/Iznajmljivanje ostalo u brušenju Bosch,1058,synthetic
pozadina sa motivom - - izdavanje,1306,synthetic
Najam VW otvorena prikolica,1630,synthetic
Rentiranje: sabljasta testera DeWalt,1042,synthetic
Povoljno baštenski drobilica,1314,synthetic
Profesionalna Vibro letva za betoniranje,1209,real
mobilna pilana -,1037,synthetic
Masina za pranje podova / Fimap IMX B /najam/renta/izdavanje,1373,real
Rentiranje: metar Bosch,1069,synthetic
smartphone Asus,1161,synthetic
Najam/Iznajmljivanje paket stolovi i stolice Yamaha,1430,synthetic
dji phantom Samsung Novi Sad,1140,synthetic
Hilti vazdušni pištolj - izdavanje,1189,synthetic
Stihl sekira,1345,synthetic
tow dolly - Novi Sad,1632,synthetic
društvene igre i slagalice - povoljno,1512,synthetic
čistač terasa - Novi Sad,1320,synthetic
Najam/Iznajmljivanje platforma za rad na visini,1193,synthetic
crveni tepih Pioneer za vikend,1466,synthetic
Novo: Makita šrafilice Novi Sad,1186,synthetic
Rentiranje: kolica za teret,1410,synthetic
Izdajem klješta Makita,1090,synthetic
"Dron - Dji Neo 2, za letovanja, događaje, snimanje placeva",1143,real
damper -,1194,synthetic
Najam/Iznajmljivanje kuhinjski pribor i aparati Dyson,1387,synthetic
kutija za valjak Einhell akcija,1108,synthetic
speed booster Panasonic,1287,synthetic
ultrazvučno čišćenje Bosch Beograd,1375,synthetic
Hitno Hilti tester pritiska sa dostavom,1221,synthetic
Bose pizza peć povoljno,1438,synthetic
"Kompresor 24l - Abac Pole Position L20, 1.5kW",1191,real
polirka - akcija,1056,synthetic
Panasonic senzor boja sa dostavom,1262,synthetic
STIHL BT 360 – busac rupa – izdavanje,1211,real
Kuhinjska jedinica za kampovanje,1489,real
Iznajmljujem veliki ekran Samsung,1242,synthetic
sekač vijaka - - izdavanje,1027,synthetic
fly jumpers - sa dostavom,1515,synthetic
"Kranzle B 270 T – Profesionalni perač, puromat 270 bar",1322,real
Novo: ostalo u video igrama,1158,synthetic
Najam/Iznajmljivanje Wurth skidač boje Beograd,1103,synthetic
oštrač noževa - - izdavanje,1382,synthetic
Iznajmljivanje AKU i Kablastih alata,1010,real
Na zajam mikrofon,1127,synthetic
Najam oštrač noževa,1382,synthetic
Lokal za izdavanje 30m2 Šabac,1269,real
posuđe i pribor za jelo Pioneer,1441,synthetic
prikolica za čamac - na dan,1618,synthetic
Na zajam ostali dronovi HP,1143,synthetic
bar sto Pioneer,1428,synthetic
Kettler zimska odeća povoljno,1572,synthetic
sanipex alati Wurth na dan,1222,synthetic
indukcioni grejač - Beograd,1605,synthetic
Burton roleri - izdavanje,1536,synthetic
Hitno Yamaha ostalo u nameštaju za proslave,1432,synthetic
ribolov magnetom Kettler sa dostavom,1520,synthetic
Hitno čistač prozora Beko,1377,synthetic
Miele dečija odeća akcija,1395,synthetic
rezač laminata Hilti za vikend,1204,synthetic
Novo: rezač cevi,1217,synthetic
makazasta dizalica,1193,synthetic
Gardena kompostni valjak,1337,synthetic
Karcher putovanje s decom - izdavanje,1401,synthetic
Povoljno tow dolly Thule,1632,synthetic
Najam DJI rezač papira,1169,synthetic
stoni hokej Burton - izdavanje,1525,synthetic
Capriolo invalidska kolica,1585,synthetic
Nikon ostali objektivi Novi Sad,1281,synthetic
Najam/Iznajmljivanje phantom 4 za vikend,1138,synthetic
Izdajem rasipač za đubrivo Honda,1344,synthetic
Povoljno mirrorless objektivi Panasonic,1279,synthetic
roleri Kettler,1536,synthetic
Najam dvd i blu-ray Apple,1243,synthetic
Najam/Iznajmljivanje fly jumpers Capriolo,1515,synthetic
Na zajam mašina za laminiranje Asus,1167,synthetic
Najam Karcher ostalo u ličnoj nezi,1406,synthetic
Bosch ostalo u podnim oblogama Beograd,1207,synthetic
prenosni zvucnik Samsung,1130,synthetic
Novo: ostalo u baštenskim alatima Honda,1362,synthetic
"Iznajmljujem bučice, tegovi i kettlebells",1554,synthetic
Hitno bebi monitor Gorenje,1390,synthetic
mašina za balone,1416,synthetic
Izdajem perac pod pritiskom - izdavanje,1322,synthetic
laptop,1148,synthetic
Rentiranje: Wurth brusilica za podove za vikend,1053,synthetic
Audi zatvorena prikolica Novi Sad,1628,synthetic
Rentiranje: ostalo u građevinskoj mehanizaciji Makita,1199,synthetic
Akumulatorska udarna šrafilica Makita DFS 485,1186,real
Husqvarna kombinovane merdevine za vikend,1329,synthetic
radioničarska dizalica Bockmann sa dostavom,1614,synthetic
računarska oprema - za vikend,1145,synthetic
Na zajam nintendo switch na dan,1154,synthetic
Iznajmljivanje pravougaonih stolova,1431,real
Iznajmi Zvucnik Sony Mhc-v73D,1130,real
sds cekic,1185,synthetic
Najam rezač cevi,1217,synthetic
stege i hvatači,1295,synthetic
Kettler lov i ribolov,1497,synthetic
Kettler odeća za vodene sportove Beograd,1549,synthetic
alati za čišćenje oluka - povoljno,1315,synthetic
Najam Bosch oscilirajući višenamenski alat / multialat - izdavanje,1038,synthetic
Izdajem JBL ostalo u odeći Novi Sad,1426,synthetic
Prikolica za prevoz camaca 1800kg,1625,real
Rentiranje: ronilačka oprema,1541,synthetic
Izdajem jednobojna pozadina Godox,1305,synthetic
Najam/Iznajmljivanje oprema za mobilne i tablete Samsung,1159,synthetic
Iznajmljujem štampač nalepnica,1166,synthetic
Sony mirrorless objektivi,1279,synthetic
nintendo switch HP,1154,synthetic
prikolica za drvo - Novi Sad,1631,synthetic
Hitno kran i jib Canon,1296,synthetic
Izdajem Hilti vodilica sa dostavom,1030,synthetic
Novo: Einhell mig aparat,1226,synthetic
arkadna mašina - povoljno,1152,synthetic
diskokugla Bose na dan,1464,synthetic
radioničarska dizalica - Novi Sad,1614,synthetic
rotacioni cekic,1185,synthetic
Na zajam vibro nabijac za vikend,1208,synthetic
Iznajmljujem hilti busilica sa dostavom,1181,synthetic
Izdajem bicikli,1507,synthetic
perac pod pritiskom Villager,1322,synthetic
projektor Asus,1246,synthetic
zaštita od štetočina Honda Beograd,1352,synthetic
Najam/Iznajmljivanje mašina za balone Pioneer,1416,synthetic
skidač boje Makita Beograd,1103,synthetic
Najam/Iznajmljivanje Einhell električni aparat za zavarivanje za vikend,1224,synthetic
kolica za teret DeWalt Beograd,1121,synthetic
Povoljno vitlo Bosch,1122,synthetic
Novo: moment ključ Wurth,1096,synthetic
skener - sa dostavom,1172,synthetic
kolica za selidbu - sa dostavom,1408,synthetic
Rentiranje: Yamaha auto alati povoljno,1602,synthetic
ostalo za decu Gorenje na dan,1402,synthetic
grejalice i pečurke Yamaha povoljno,609,synthetic
skela,1232,synthetic
Rentiranje: Capriolo zaštita od komaraca Beograd,1498,synthetic
Hitno zeleni ekran DJI,1304,synthetic
"Industrijski ventilator za hale, magacine Master BC 341",105,real
Novo: cirkularna testera Hilti,1028,synthetic
Najam ručni ger za drvo DeWalt,1036,synthetic
Najam/Iznajmljivanje detektor metala Wurth,1070,synthetic
Hilti TE 3000 AVR - izdavanje,1177,real
orbitalna brusilica - akcija,1055,synthetic
Novo: LG ostalo u elektronici na dan,210,synthetic
ostalo u selidbi - - izdavanje,1411,synthetic
jbl zvucnik DJI,1130,synthetic
Rentiranje: solarni punjač Samsung,1163,synthetic
Nikon streaming oprema - izdavanje,1265,synthetic
Bosch brusilica za podove Novi Sad,1053,synthetic
Sony kamera na kablu akcija,1292,synthetic
solarni punjač LG sa dostavom,1163,synthetic
party odeća -,1425,synthetic
Na zajam slušalice HP,1125,synthetic
Iznajmljujem baštenski nameštaj,405,synthetic
Iznajmljujem Thule pojas za hidrataciju sa dostavom,1557,synthetic
Mesalica 190l - izdavanje,1209,real
Pioneer paket stolovi i stolice Novi Sad,1430,synthetic
OBD Eleven 3,1603,real
Povoljno leđna prskalica Honda,1349,synthetic
Rentiranje: prenosni zvučnik Apple,1130,synthetic
merdevine za stepenište Husqvarna akcija,1331,synthetic
drobionica drveta Husqvarna,1327,synthetic
Philips dji spark Novi Sad,1141,synthetic
Najam/Iznajmljivanje monopod,1299,synthetic
Novo: stepenik Villager,1333,synthetic
JBL čuvanje odeće,1423,synthetic
gitara Burton sa dostavom,1474,synthetic
filmska kamera - za vikend,1256,synthetic
veliki ekran LG,1242,synthetic
Apple ostalo u zvuku - izdavanje,1133,synthetic
Povoljno objektivi za srednji format DJI,1278,synthetic
Na zajam ostalo u radionici Thule,1616,synthetic
pojačivač -,1469,synthetic
Novo: leđna prskalica,1349,synthetic
ručni ger za drvo Wurth,1036,synthetic
Husqvarna obične merdevine povoljno,1330,synthetic
Gorenje kolica i oprema,1399,synthetic
prikolica za konje -,1640,synthetic
JBL sklopivi stolovi akcija,1431,synthetic
ostalo u bušilicama i šrafilicama - za vikend,1188,synthetic
dehidrator hrane Beko na dan,1380,synthetic
kolica za montažu - Novi Sad,1600,synthetic
Na zajam Hilti uglomer akcija,1062,synthetic
Izdajem stona brusilica Wurth,1049,synthetic
Najam/Iznajmljivanje DeWalt traktor za vikend,1198,synthetic
parni cistac,1374,synthetic
Hitno jump starter,1593,synthetic
platforma za rad na visini,1193,synthetic
bas gitara -,1470,synthetic
Hitno ps5 Novi Sad,1154,synthetic
Najam/Iznajmljivanje mini bagera do 3800kg,1195,real
Novo: objektivi za srednji format Nikon,1278,synthetic
merač kvaliteta vazduha Makita na dan,1061,synthetic
Paročistać S-TEAM 6,1374,real
merač protoka vazduha Hilti za vikend,1060,synthetic
vakuum tester - akcija,1612,synthetic
foto štampač DJI za vikend,1264,synthetic
čeona lampa,1494,synthetic
Izdajem ventilacija i grejanje Wurth,105,synthetic
nogari za farbanje Einhell,1236,synthetic
Najam Bockmann oprema za čamce - izdavanje,1617,synthetic
party paketi Pioneer za vikend,608,synthetic
DeWalt mešalica boje povoljno,1100,synthetic
vodni ski i wakeboard - sa dostavom,1548,synthetic
studio,1272,synthetic
aluminijumska skela Makita,1232,synthetic
Povoljno blic,1282,synthetic
Audi zatvorena prikolica,1628,synthetic
Yamaha ostalo u nameštaju za proslave povoljno,1432,synthetic
Povoljno Salomon rashladna kutija i torba akcija,1492,synthetic
zimska odeća Thule na dan,1572,synthetic
Najam/Iznajmljivanje vaga,1076,synthetic
Novo: trimer za travu Stihl,1310,synthetic
vikendica,1268,synthetic
punjač baterija za vozila -,1587,synthetic
Izdavanje barskih stolova,1428,real
Kettler ostalo u mobilnosti - izdavanje,1586,synthetic
Najam/Iznajmljivanje mašina za drva Gardena,1312,synthetic
Vibro mašina za sabijanje/skakavac Zipper ZI RAM 80C,1208,real
Iznajmljujem Bosch bager,1195,synthetic
slajder i dolly - Novi Sad,1300,synthetic
Na zajam autosedište VW,1591,synthetic
oštrač noževa Bosch povoljno,1382,synthetic
Najam/iznajmljivanje vibro žabe do 70kg,1208,real
Novo: kanu,1619,synthetic
senzor boja - Beograd,1262,synthetic
Najam/Iznajmljivanje paddleboard Capriolo,1546,synthetic
Povoljno dečija odeća,1422,synthetic
Povoljno ostalo u motociklima BMW,1639,synthetic
ostalo u igranju i hobiju Burton na dan,1529,synthetic
visokotlačni perač Stihl za vikend,1322,synthetic
Najam/Iznajmljivanje Muljna pumpa za vodu do 320l/min,1311,real
Povoljno Yamaha posuđe i pribor za jelo akcija,1441,synthetic
Najam/Iznajmljivanje ostalo u mernim instrumentima Hilti,1082,synthetic
Iznajmljujem baštensko sito,1313,synthetic
Izdajem Nikon jednobojna pozadina,1305,synthetic
Kettler sprave za vežbanje na dan,1556,synthetic
zvučna kartica - Beograd,1479,synthetic
rotirajući laser - povoljno,1075,synthetic
plazma rezač - Beograd,1039,synthetic
Hilti platforma za prevoz za vikend,1120,synthetic
motorni čamac,1621,synthetic
sauna - povoljno,1455,synthetic
električni surfboard - na dan,1542,synthetic
Najam/Iznajmljivanje Stona testera / sekačica,1043,real
Najam/Iznajmljivanje Električna ručna testera / Cirkular,1028,real
skener Apple - izdavanje,1172,synthetic
softbox i kišobran GoPro Beograd,1286,synthetic
Novo: razvodni ormar DeWalt,1022,synthetic
Novo: nameštaj Gorenje,1364,synthetic
JBL chafing dish Beograd,1434,synthetic
Najam/Iznajmljivanje set bitova Wurth,1176,synthetic
kostimi i maskiranje - Beograd,1424,synthetic
Izdajem BMW dijagnostički alat povoljno,1603,synthetic
Najam/Iznajmljivanje pozadina sa uzorkom,1307,synthetic
štampač - akcija,1171,synthetic
party odeća Pioneer akcija,1425,synthetic
torba za kućne ljubimce - Novi Sad,1414,synthetic
Iznajmljujem vaga Bosch,1076,synthetic
motociklistička oprema - povoljno,1637,synthetic
Polar jahanje na dan,1532,synthetic
Iznajmljujem Godox ostalo u pozadinama Beograd,1308,synthetic
skidač izolacije Makita na dan,1020,synthetic
zeleni ekran Godox Beograd,1304,synthetic
ostalo u testerama -,1045,synthetic
Rentiranje: alati za točkove i gume Bockmann,1613,synthetic
Povoljno roštilj,1433,synthetic
Rentiranje: Sony oprema za mobilne i tablete Novi Sad,1159,synthetic
Rentiranje: planinarsko oruđe,1496,synthetic
Iznajmljujem Yamaha beer pong Novi Sad,1444,synthetic
Povoljno društvene igre i slagalice Thule,1512,synthetic
Novo: zvuk Pioneer,1419,synthetic
bar sto JBL,1428,synthetic
lopata za sneg Honda Novi Sad,1358,synthetic
Povoljno polaroid kamera,1258,synthetic
Iznajmljujem vaga Hilti,1076,synthetic
Salomon hodalica sa dostavom,1584,synthetic
Rentiranje: Yamaha oprema za voditelja za vikend,1456,synthetic
Iznajmljujem paketi alata Wurth,1010,synthetic
IZNAJMLJIVANJE PRIKOLICE,1630,real
Iznajmljujem pa sistem Sony,1129,synthetic
Najam ostali objektivi,1281,synthetic
Akumulatorski zabijač za eksere Senco FN55AX,1214,real
Izdajem Salomon bumper ball - izdavanje,1513,synthetic
Audi menjanje ulja povoljno,1610,synthetic
Povoljno merač buke Hilti,1077,synthetic
pumpa za odvodnjavanje - Beograd,1311,synthetic
kalemovi i električni kablovi DeWalt Beograd,1021,synthetic
Hitno merač kvaliteta vazduha Makita,1061,synthetic
Barbie kutija za slikanje,1453,real
Gardena duvač lišća akcija,1317,synthetic
rezač kamena - Novi Sad,1212,synthetic
gitara,1474,synthetic
Najam pozadina sa uzorkom Canon,1307,synthetic
ribolov magnetom Burton,1520,synthetic
gimbali i stabilizatori - povoljno,1297,synthetic
dslr fotoaparat - povoljno,1254,synthetic
Najam/Iznajmljivanje Hilti vodilica,1030,synthetic
moment ključ - Beograd,1096,synthetic
Hitno DeWalt agregat za vikend,1024,synthetic
bager -,1195,synthetic
Najam baloni sa dostavom,1416,synthetic
fotometar - povoljno,1068,synthetic
Bosch tražač kabla akcija,1063,synthetic
Karcher Puzzi 10/1 - dubinsko pranje - izdavanje,1369,real
c-stalak - Beograd,1291,synthetic
Najam/Iznajmljivanje DJI tela kamera za ronjenje akcija,1267,synthetic
rotacioni cekic DeWalt,1185,synthetic
Najam/Iznajmljivanje gitarni pedal,1475,synthetic
Najam instrumentalni mikrofon,1476,synthetic
računarska oprema Asus povoljno,1145,synthetic
Mašina za krečenje Airless mašina,1105,real
Povoljno slackline Polar,1538,synthetic
samsung galaxy LG,1161,synthetic
epilacija Beko Novi Sad,1404,synthetic
udarna busilica,1181,synthetic
Izdajem Pioneer ostalo u aktivnostima na dan,1457,synthetic
Hitno JBL crveni tepih Novi Sad,1466,synthetic
platforma za rad na visini,1193,synthetic
bina Bose Novi Sad,1420,synthetic
Canon streaming oprema sa dostavom,1265,synthetic
maska za zavarivanje Einhell na dan,1228,synthetic
dizalica i stalci Bockmann,1606,synthetic
Povoljno Karcher remeni i pojasevi za selidbu povoljno,1409,synthetic
Izdajem Canon okidač blica akcija,1283,synthetic
ostalo u građevini i alatima -,1013,synthetic
zaštitna oprema - Novi Sad,1008,synthetic
huawei Apple,1161,synthetic
motorna testera Stihl za vikend,1309,synthetic
Bosch sanipex alati - izdavanje,1222,synthetic
Povoljno kompresor,1191,synthetic
dizalice Bockmann za vikend,1604,synthetic
Makazasta Skyjack 12m,1193,real
Villager alati za čišćenje oluka na dan,1315,synthetic
Rentiranje: bubnjevi Polar,1473,synthetic
Na zajam dslr fotoaparat,1254,synthetic
skije Capriolo,1568,synthetic
Najam ostalo u mernim instrumentima Einhell,1082,synthetic
Bose bar sto,1428,synthetic
Pagode za izdavanje,1459,real
kinematografski prime objektivi - za vikend,1274,synthetic
Povoljno filmska kamera,1256,synthetic
Vibro ploca 200-250kg,1208,real
xbox series x,1154,synthetic
ostalo u mehanizaciji terena - Novi Sad,1213,synthetic
Rentiranje: Yamaha ostalo u ketering kuhinji za vikend,1443,synthetic
Povoljno nogari za farbanje,1104,synthetic
motociklistička oprema - sa dostavom,1637,synthetic
Gorenje ostalo u dekoraciji akcija,1368,synthetic
Najam/Iznajmljivanje putovanje s decom,1579,synthetic
inkubator za jaja - sa dostavom,1413,synthetic
Na zajam Makita plazma rezač za vikend,1039,synthetic
Na zajam kutije za selidbu,1407,synthetic
generator Hilti,1024,synthetic
Na zajam Apple dji spark povoljno,1141,synthetic
merač protoka vazduha Einhell - izdavanje,1060,synthetic
Izdajem photo booth,1453,synthetic
Najam/Iznajmljivanje Dyson ostalo u kući,509,synthetic
dečija odeća Bose Novi Sad,1422,synthetic
Rentiranje: Miele torba za kućne ljubimce akcija,1414,synthetic
ugaona bušilica Makita,1175,synthetic
sekač vijaka -,1027,synthetic
igračke -,1400,synthetic
Najam Kettler prikolica za dete (bicikl),1505,synthetic
Burton sprave za vežbanje akcija,1556,synthetic
Izdajem stub bušilica,1183,synthetic
surfanje - akcija,1547,synthetic
mobilni telefon,1161,synthetic
Iznajmljujem Thule bumper ball,1513,synthetic
Apple oprema za mobilne i tablete Novi Sad,1159,synthetic
golf Yamaha,1535,synthetic
Najam/Iznajmljivanje ostalo u video igrama Sony,1158,synthetic
Najam chiavari stolica na dan,1429,synthetic
Kettler lov i ribolov - izdavanje,1497,synthetic
Iznajmljujem kolica za kobasice,1439,synthetic
specijalne kamere - Beograd,1259,synthetic
dubinsko pranje na dan,1369,synthetic
Hitno Nikon tronožac Beograd,1301,synthetic
Cros 125cc 4 brzine,808,real
Makita pištolj za boju,1105,synthetic
regulator šarki - za vikend,1086,synthetic
pikamer,1177,synthetic
Novo: rezač pločica,1205,synthetic
Sony arkadna mašina Beograd,1152,synthetic
makaze za metal - sa dostavom,1033,synthetic
Nikon okidač blica,1283,synthetic
Najam pumpica za balone Yamaha,1462,synthetic
dslr objektivi - na dan,1276,synthetic
Rentiranje: udarna bušilica DeWalt,1181,synthetic
ostalo u ručnim alatima Makita,1099,synthetic
aligator testera Makita,1025,synthetic
mavic 3 HP,1139,synthetic
skijanje i snowboard Thule,1568,synthetic
Novo: masina za balone sa dostavom,1416,synthetic
Izdajem reket sportovi Polar,1537,synthetic
ostalo u motociklima Audi na dan,1639,synthetic
windsurfing - sa dostavom,1550,synthetic
Najam/Iznajmljivanje fotometar Hilti,1068,synthetic
Novo: usisivač za lišće Stihl,1319,synthetic
Iznajmljujem Bose paella tava akcija,1437,synthetic
Povoljno kamkorder Sony,1252,synthetic
penjanje Burton,1531,synthetic
Povoljno bubnjevi,1473,synthetic
Rentiranje: Sony dslr fotoaparat povoljno,1254,synthetic
podvodni dronovi -,1142,synthetic
Najam/Iznajmljivanje štampač,1171,synthetic
kružna testera za metal - sa dostavom,1034,synthetic
Einhell kolica za građevinski otpad povoljno,1230,synthetic
Najam/Iznajmljivanje ubodna testera,1032,synthetic
busilica akumulatorska,1181,synthetic
specijalne kamere - Beograd,1259,synthetic
udarna bušilica - za vikend,1181,synthetic
Yamaha penjanje po snegu i ledu sa dostavom,1570,synthetic
Povoljno baštensko crevo,1348,synthetic
Burton kampovanje na dan,1489,synthetic
ostalo u podnim oblogama - za vikend,1207,synthetic
Philips igrica Beograd,1153,synthetic
Na zajam jastuk za dojenje Karcher,1397,synthetic
Yamaha nargila na dan,1449,synthetic
Najam laptop Philips,1148,synthetic
ostalo u podnim oblogama Hilti,1207,synthetic
outdoor odeća Thule akcija,1500,synthetic
Najam/Iznajmljivanje Capriolo nosač bicikla,1504,synthetic
ribač podova - - izdavanje,1373,synthetic
Iznajmljujem Wurth skidač tapeta sa dostavom,1109,synthetic
Hitno merač vlage Makita,1071,synthetic
Sony ostali dronovi Beograd,1143,synthetic
Rentiranje: navigacija i komunikacija,1499,synthetic
Na zajam fontana od čokolade Pioneer,1447,synthetic
motorna testera Husqvarna,1309,synthetic
Najam mikrofon,1127,synthetic
sokovnik na paru - Novi Sad,1386,synthetic
Izdajem 4g ruter,1144,synthetic
berba šumskih plodova Polar Novi Sad,1487,synthetic
Iznajmljujem Polar sprave za vežbanje,1556,synthetic
Novo: lonac za supu Pioneer,1440,synthetic
bubnjevi Salomon,1473,synthetic
Sušač vazduha Pro Breeze PB-15-EU,105,real
paddleboard Burton - izdavanje,1546,synthetic
torba za kućne ljubimce - za vikend,1414,synthetic
fotometar Einhell Beograd,1068,synthetic
kompaktni fotoaparat - na dan,1253,synthetic
Najam stilizovanje Miele,1367,synthetic
smartphone,1161,synthetic
Najam/Iznajmljivanje radna rasveta,1012,synthetic
Novo: skila platforma na dan,1193,synthetic
pikamer Hilti,1177,synthetic
Najam hilti cekic sa dostavom,1185,synthetic
trakasta brusilica - povoljno,1048,synthetic
Na zajam dizalica za motocikl Bockmann,1609,synthetic
Najam/Iznajmljivanje pića,1436,synthetic
Gardena baštenski valjak na dan,1338,synthetic
putni adapter Thule povoljno,1578,synthetic
Iznajmljujem Yamaha paintball na dan,1523,synthetic
punjač za električni auto -,1592,synthetic
Povoljno ostalo u motociklima,1639,synthetic
kompresor za vazduh,1191,synthetic
pozadina sa uzorkom - Novi Sad,1307,synthetic
Novo: rezač kamena,1212,synthetic
Yamaha otvorena prikolica Novi Sad,1630,synthetic
dji inspire HP akcija,1137,synthetic
torba za kućne ljubimce Bosch,1414,synthetic
beer pong - - izdavanje,1444,synthetic
stilizovanje - - izdavanje,1367,synthetic
trampolin Kettler sa dostavom,1527,synthetic
Makita merač kvaliteta vazduha akcija,1061,synthetic
mašina za dim Bose - izdavanje,1418,synthetic
Capriolo dečiji bicikl akcija,1508,synthetic
detektor metala Wurth povoljno,1070,synthetic
Najam satelitska oprema,1017,synthetic
gitara Burton Beograd,1474,synthetic
paket za podove - na dan,1203,synthetic
regulator šarki - akcija,1086,synthetic
Najam čeona lampa Kettler,1494,synthetic
vakuum tester - sa dostavom,1612,synthetic
Povoljno Bosch mašina za graviranje,1052,synthetic
Najam/Iznajmljivanje Motorni duvač lišća,1317,real
satelitska oprema Samsung,1017,synthetic
Na zajam Yamaha ostalo u šatorima,1461,synthetic
tester pritiska -,1221,synthetic
diskoteka rasveta,1417,synthetic
redmi Philips,1161,synthetic
Novo: roštilj JBL,1433,synthetic
jbl party box HP,1130,synthetic
Povoljno gimbali i stabilizatori,1297,synthetic
detektor radona Bosch za vikend,1074,synthetic
Na zajam Dyson parna mašina za čišćenje,1374,synthetic
Yamaha rampa za vikend,1611,synthetic
Povoljno društvene igre i slagalice,1512,synthetic
Audi ostalo u prikolicama - izdavanje,1634,synthetic
lopata Stihl povoljno,1357,synthetic
muzički instrumenti HP,1128,synthetic
auto alati Thule za vikend,1602,synthetic
floorball - - izdavanje,1533,synthetic
Beko ostalo u ličnoj nezi,1406,synthetic
oprema za čamce -,1617,synthetic
Hitno Makita svrdlo za zemlju Novi Sad,1211,synthetic
Novo: pobijač stubova,1354,synthetic
kofer za bicikl -,1574,synthetic
mavic pro Asus,1139,synthetic
Najam gradilišna ograda,1231,synthetic
izvlakač - Beograd,1091,synthetic
ronilačka oprema Thule na dan,1541,synthetic
Wurth ostalo u ručnim alatima - izdavanje,1099,synthetic
Izdajem Husqvarna baštenski nameštaj na dan,405,synthetic
čuvanje odeće - sa dostavom,1423,synthetic
Na zajam Yamaha diskokugla povoljno,1464,synthetic
Hitno ugaona bušilica,1175,synthetic
Hilti paletni viljuškar - izdavanje,1119,synthetic
zvuk - sa dostavom,1419,synthetic
Na zajam sanipex alati,1222,synthetic
slike Karcher akcija,1365,synthetic
zimska odeća -,1572,synthetic
rashladna kutija i torba -,1492,synthetic
mavic 3,1139,synthetic
Novo: stege i hvatači Sony,1295,synthetic
Izdajem arkadna masina - izdavanje,1152,synthetic
sanipex alati -,1222,synthetic
Beko pomoćni krevet,1363,synthetic
drobionica drveta -,1327,synthetic
Najam JBL ostalo u ketering kuhinji za vikend,1443,synthetic
Rentiranje: Yamaha šator preko 32 m² sa dostavom,1460,synthetic
Najam/Iznajmljivanje pozadina sa uzorkom,1307,synthetic
Najam/Iznajmljivanje bas gitara Capriolo,1470,synthetic
Najam kosacica za vikend,1341,synthetic
Najam/Iznajmljivanje jedriličarska odeća Bockmann,1624,synthetic
Iznajmljujem ostalo u biciklizmu Capriolo,1509,synthetic
Iznajmljujem kutije za selidbu Karcher,1407,synthetic
fudbal - sa dostavom,1534,synthetic
Novo: kolica za građevinski otpad DeWalt,1230,synthetic
agregat,1024,synthetic
Burton gitara,1474,synthetic
Villager stolica-stepenik povoljno,1332,synthetic
Povoljno ugaona brusilica Einhell,1046,synthetic
Novo: bager,1195,synthetic
zatvorena prikolica - Novi Sad,1628,synthetic
Kettler bicikli za vikend,1507,synthetic
ostalo u vežbanju i teretani Polar,1562,synthetic
sabljasta testera Wurth,1042,synthetic
Izdajem party odeća,1425,synthetic
Wurth kružna testera za metal sa dostavom,1034,synthetic
prenosni zvučnik - povoljno,1130,synthetic
Najam/Iznajmljivanje plastični zavarivač DeWalt,1227,synthetic
paletni viljuškar - - izdavanje,1119,synthetic
Novo: Lux studio na dan,1272,synthetic
Rentiranje: podvodni dronovi HP,1142,synthetic
Povoljno čuvanje odeće Bose,1423,synthetic
Žirafa Flex WST 700W,1051,real
Bosch multimetar akcija,1072,synthetic
chiavari stolica,1429,synthetic
ostalo u vežbanju i teretani,1562,synthetic
Najam pištolj za lepak Makita,1087,synthetic
Jbl party box 200,1130,real
vencanica Bose,1425,synthetic
stihl motorka,1309,synthetic
Hitno orbitalna brusilica,1055,synthetic
prikolica za konje VW Beograd,1640,synthetic
stono rende - - izdavanje,1115,synthetic
Rentiranje: kofer za alat Einhell,1095,synthetic
Iznajmi haljinu,1425,real
Hitno šator 0-23 m²,1458,synthetic
Yamaha čelo na dan,1471,synthetic
Najam/Iznajmljivanje autosedište,1393,synthetic
slike Beko - izdavanje,1365,synthetic
Rentiranje: VW punjač za električni auto,1592,synthetic
Rentiranje: Makita nogari za farbanje,1236,synthetic
Povoljno dji spark,1141,synthetic
Kettler vodootporne torbe Novi Sad,1493,synthetic
Najam ostalo u testerama DeWalt,1045,synthetic
Thule putni adapter za vikend,1578,synthetic
ostalo u zimskim sportovima Polar,1573,synthetic
karcher Honda,1322,synthetic
Na zajam izvlakač,1091,synthetic
Rentiranje: oprema za objektive,1280,synthetic
Rentiranje: Gorenje mašinica za šišanje pasa na dan,1412,synthetic
Na zajam 4g ruter Apple,1144,synthetic
Najam strug,1112,synthetic
igračke Bosch na dan,1400,synthetic
BMW autosedište,1591,synthetic
sekira Gardena,1345,synthetic
Novo: ostalo u kamperima,1636,synthetic
prikolica za motocikl Thule - izdavanje,1638,synthetic
Pioneer dispenser za šlag akcija,1442,synthetic
ručni ger za drvo Einhell povoljno,1036,synthetic
Povoljno Husqvarna nabijač Beograd,1359,synthetic
Godox mirrorless kamera na dan,1257,synthetic
Wurth oscilirajući višenamenski alat / multialat sa dostavom,1038,synthetic
mašina za dim JBL sa dostavom,1418,synthetic
sony zvucnik Asus,1130,synthetic
Rentiranje: zvučna kartica,1479,synthetic
Novo: termovizijska kamera DeWalt,1080,synthetic
prikolica sa kavezom - za vikend,1626,synthetic
Bosch rotacioni čekić na dan,1185,synthetic
Izdajem Bosch ribač podova akcija,1373,synthetic
Aksesoari za veridbu,1467,real
Izdajem sladoled i slush mašine Yamaha,1451,synthetic
Najam/Iznajmljivanje gradilišna ograda Wurth,1231,synthetic
Izdajem roštilj Pioneer,1433,synthetic
party rasveta Yamaha,1417,synthetic
Povoljno nosač tereta za kuku VW,1594,synthetic
stilizovanje kose Karcher za vikend,1405,synthetic
teleprompter Nikon - izdavanje,1266,synthetic
Na zajam rezač pločica,1044,synthetic
Na zajam Godox kompaktni fotoaparat za vikend,1253,synthetic
nosač za automobil - - izdavanje,1294,synthetic
Akumulatorska testera Makita DJR 187,1042,real
stoni fudbal Yamaha Beograd,1516,synthetic
Rentiranje: nosač bicikla Thule,1504,synthetic
Povoljno defibrilator na dan,1583,synthetic
Najam bazen sa mehurićima Bose,1446,synthetic
Hitno glodalica,1113,synthetic
Hitno Villager stepenik Beograd,1333,synthetic
"Parkside usisivač za dubinsko pranje, iznajmljivanje BG",1369,real
Najam dji phantom,1140,synthetic
Hitno DeWalt ic termometar - izdavanje,1065,synthetic
bal haljina,1425,synthetic
Einhell precizna brusilica sa dostavom,1050,synthetic
atlas copco kompresor,1191,synthetic
ostalo u elektronici -,210,synthetic
Na zajam ribolov magnetom Thule,1520,synthetic
sup Capriolo,1546,synthetic
mikrofon - sa dostavom,1127,synthetic
čistač prozora - Novi Sad,1377,synthetic
walker,1584,synthetic
muzički instrumenti - akcija,1128,synthetic
Rentiranje: čistač odvoda Miele,1371,synthetic
duvač lišća Stihl - izdavanje,1317,synthetic
Asus vr naočale akcija,1157,synthetic
Hilti TE 1500 AVR – izdavanje,1177,real
bas gitara - sa dostavom,1470,synthetic
Makita pijuk Beograd,1085,synthetic
Yamaha ostalo u šatorima povoljno,1461,synthetic
Najam/Iznajmljivanje ostalo u farbanju DeWalt,1110,synthetic
"Najam/Iznajmljivanje Trofazni agregat 6,5kVA",1024,real
ostalo u biciklizmu Thule Beograd,1509,synthetic
nameštaj - povoljno,1364,synthetic
Najam stona testera,1043,synthetic
Iznajmljujem Kettler paintball sa dostavom,1523,synthetic
Iznajmljujem građevinska skela Bosch,1232,synthetic
dj oprema Philips akcija,1124,synthetic
poker set Burton akcija,1524,synthetic
Na zajam skidač tapeta,1109,synthetic
Novo: Dyson ostalo u ličnoj nezi Beograd,1406,synthetic
wacom,1147,synthetic
Iznajmljujem igrica,1153,synthetic
Na zajam Wurth rezač laminata akcija,1204,synthetic
Rentiranje: radioničarska dizalica Yamaha,1614,synthetic
Apple mašina za laminiranje povoljno,1167,synthetic
Sony PS5 iznajmljivanje,1154,real
zatvorena prikolica VW,1628,synthetic
Hitno skidač tapeta,1109,synthetic
Kettler električna invalidska kolica Beograd,1582,synthetic
Polar kampovanje Beograd,1489,synthetic
Hitno Pioneer bar sto povoljno,1428,synthetic
Thule putovanje s decom akcija,1579,synthetic
ostalo u ketering kuhinji JBL,1443,synthetic
Husqvarna duvač lišća akcija,1317,synthetic
DRON - DJI Mini 5 Pro,1143,real
usisivač - - izdavanje,1376,synthetic
Thule stalak i kabl povoljno,1480,synthetic
Iznajmljujem bluetooth zvucnik,1130,real
dizalice - akcija,1604,synthetic
Na zajam xbox one,1154,synthetic
kompresor -,1191,synthetic
Najam/Iznajmljivanje gasni aparat za zavarivanje,1225,synthetic
Izdajem radioničarska presa Thule,1615,synthetic
prekrivači prozora -,1233,synthetic
Na zajam Kettler ukulele akcija,1482,synthetic
Iznajmljujem podvodni dronovi,1142,synthetic
mašina za metenje - povoljno,1326,synthetic
kolica za građevinski otpad Einhell sa dostavom,1230,synthetic
Novo: klavir Yamaha,1478,synthetic
Rentiranje: GoPro rigovi i ramena za kameru akcija,1293,synthetic
tow dolly Yamaha povoljno,1632,synthetic
ostalo u dekoraciji - - izdavanje,1468,synthetic
Najam/Iznajmljivanje penjanje po snegu i ledu Kettler,1570,synthetic
Rentiranje: Canon c-stalak povoljno,1291,synthetic
Na zajam Salomon pojas za hidrataciju,1557,synthetic
secerna vuna,1448,synthetic
Hilti brusilica za podove na dan,1053,synthetic
Najam alu skele,1232,real
airsoft - na dan,1511,synthetic
Rentiranje: Bockmann transporter za automobile akcija,1627,synthetic
vhs plejer Asus Beograd,1250,synthetic
Rentiranje: hodalica,1584,synthetic
Honda berač voća za vikend,1347,synthetic
dslr objektivi - Novi Sad,1276,synthetic
bazen sa mehurićima,1446,synthetic
Povoljno vodilica Makita,1030,synthetic
Izdajem DJI mirrorless kamera za vikend,1257,synthetic
radna platforma -,1239,synthetic
Iznajmljujem Bose rešo za vikend,1435,synthetic
ruksak -,1486,synthetic
Mašina za farbanje (krečenje) Airless Sprayer,1105,real
ostali objektivi Sony za vikend,1281,synthetic
burgije - - izdavanje,1178,synthetic
Povoljno mašina za dim JBL,1418,synthetic
ostale brusilice - povoljno,1059,synthetic
tv -,1249,synthetic
Hitno ostalo u dekoraciji Karcher,1368,synthetic
stoni fudbal Salomon akcija,1516,synthetic
pancerice,1568,synthetic
dji spark - - izdavanje,1141,synthetic
Salomon planinski štap za vikend,1495,synthetic
precizna brusilica - akcija,1050,synthetic
surfanje - Novi Sad,1547,synthetic
studio - povoljno,1272,synthetic
Iznajmljivanje opreme za proslave,608,real
pizza peć Yamaha akcija,1438,synthetic
Povoljno baštenski valjak,1338,synthetic
sony a7 Sony,1257,synthetic
Wurth merač buke Novi Sad,1077,synthetic
makita busilica DeWalt,1181,synthetic
rashladna kutija i torba - akcija,1492,synthetic
Komplet za čišćenje cevi Rems Cobra 22,1371,real
Salomon golf - izdavanje,1535,synthetic
Wurth radna platforma akcija,1239,synthetic
Povoljno Gorenje inkubator za jaja,1413,synthetic
lift za suvi zid - Beograd,1234,synthetic
Na zajam ostalo u igranju i hobiju Salomon,1529,synthetic
Novo: izvlakač,1091,synthetic
Hitno prikolica s pokrivačem Yamaha,1633,synthetic
trimer za travu Husqvarna,1310,synthetic
Iznajmljujem Einhell ic termometar Novi Sad,1065,synthetic
party rasveta,1417,synthetic
Yamaha jakuzi povoljno,1450,synthetic
Povoljno skijaški roleri Burton,1566,synthetic
ostalo u vodoinstalaciji -,1223,synthetic
Najam/Iznajmljivanje mašina za tetoviranje Thule,1526,synthetic
surfanje - povoljno,1547,synthetic
3d štampač Philips na dan,1165,synthetic
specijalne kamere Canon Beograd,1259,synthetic
koferi Kettler sa dostavom,1577,synthetic
outdoor paket Polar za vikend,1501,synthetic
sladoled masina Bose,1451,synthetic
kofer za bicikl Thule Beograd,1574,synthetic
Thule poker set Novi Sad,1524,synthetic
Canon okidač blica - izdavanje,1283,synthetic
Novo: ostale brusilice Hilti,1059,synthetic
Rentiranje: nosiljka za kućnog ljubimca,1575,synthetic
stihl motorka Gardena,1309,synthetic
laserski nivelator Hilti,1067,synthetic
Hitno LG tablet Beograd,1164,synthetic
Novo: Beko dečiji nameštaj Beograd,1396,synthetic
BMW motorni čamac,1621,synthetic
laserski rezač - - izdavanje,1168,synthetic
Na zajam čistač krova Stihl,1323,synthetic
outdoor odeća Polar Novi Sad,1500,synthetic
Godox ostalo u blicevima i rasveti akcija,1290,synthetic
Rentiranje: rezač pločica Einhell,1205,synthetic
Izdajem Einhell plastični zavarivač - izdavanje,1227,synthetic
masina za balone,1416,synthetic
led par,1417,synthetic
"bučice, tegovi i kettlebells -",1554,synthetic
Rentiranje: Bosch kolica i oprema,1399,synthetic
šator preko 32 m² Pioneer akcija,1460,synthetic
alati za proširivanje DeWalt sa dostavom,1216,synthetic
Iznajmljujem stilizovanje kose Dyson,1405,synthetic
Najam/Iznajmljivanje kuhinjski pribor i aparati Dyson,1387,synthetic
Izdajem instrumentalni mikrofon,1476,synthetic
ostalo u outdoor-u - Beograd,1502,synthetic
sto za tapete Bosch sa dostavom,1237,synthetic
DJI luper akcija,1126,synthetic
kolica za outdoor Salomon na dan,1490,synthetic
kolica za građevinski otpad - sa dostavom,1230,synthetic
Samsung dvd i blu-ray sa dostavom,1243,synthetic
ps5 Apple,1154,synthetic
stona testera - sa dostavom,1043,synthetic
Povoljno ostalo za kućne ljubimce,1415,synthetic
Hitno lemilica Bosch,1093,synthetic
mini damper - sa dostavom,1197,synthetic
"Aluminijumska skela, merdevine - LARS 360",1232,real
makazasta platforma DeWalt,1193,synthetic
ključevi i gedore Bosch sa dostavom,1094,synthetic
Novo: platforma za rad na visini Beograd,1193,synthetic
Na zajam makaze za metal,1033,synthetic
Na zajam kolica za teret,1121,synthetic
Audi grejač kabine za vikend,1590,synthetic
Najam prostirka za igru Bosch,1398,synthetic
Najam Bosch rezač kamena - izdavanje,1212,synthetic
mašinica za šišanje pasa Dyson akcija,1412,synthetic
Karcher stilizovanje kose akcija,1405,synthetic
Makita pištolj za silikon sa dostavom,1083,synthetic
pojas za hidrataciju Capriolo na dan,1557,synthetic
nabijač Stihl sa dostavom,1359,synthetic
Povoljno stilizovanje i dekoracija Pioneer,1467,synthetic
Rent a motor Keeway XDV 300,808,real
crveni tepih Bose sa dostavom,1466,synthetic
obične merdevine Villager akcija,1330,synthetic
Najam jetski,1543,synthetic
sup daska,1546,synthetic
Novo: gradjevinski podupirac sa dostavom,1235,synthetic
Povoljno paketi alata DeWalt,1010,synthetic
Hitno ostalo u građevinskoj mehanizaciji,1199,synthetic
Izdajem kolica i oprema,1399,synthetic
Rentiranje: Panasonic studijski blic Beograd,1288,synthetic
Novo: ostalo u čišćenju i pranju,1378,synthetic
Najam/iznajmljivanje bušilice za zemlju,1211,real
Thule krovni nosač povoljno,1597,synthetic
nosač za automobil - povoljno,1294,synthetic
Rentiranje: Bosch ručna testera - izdavanje,1031,synthetic
ostala vozila VW,808,synthetic
Novo: radioničarska presa,1615,synthetic
Najam pa sistem Samsung,1129,synthetic
DeWalt kofer za alat,1095,synthetic
Honda baštenski nameštaj Beograd,405,synthetic
Izdajem paletni viljuškar,1119,synthetic
pametni sat Apple Novi Sad,1162,synthetic
Iznajmljujem prva pomoć i cpr,1583,synthetic
parni cistac Miele,1374,synthetic
Hitno bicikli Burton,1507,synthetic
DeWalt ostalo u glodanju na dan,1116,synthetic
Najam/Iznajmljivanje oprema za objektive Godox,1280,synthetic
elektricna gitara,1474,synthetic
Led lampa Bosch GLI 18V-10000 C,1012,real
alat za decking - sa dostavom,1200,synthetic
Najam grejač kabine,1590,synthetic
Rentiranje: sous vide aparat,1385,synthetic
trampolin Thule sa dostavom,1527,synthetic
platforma za prevoz - Novi Sad,1120,synthetic
Na zajam pumpica za balone Pioneer,1462,synthetic
jump starter - sa dostavom,1607,synthetic
Na zajam Makita pištolj za eksere na dan,1214,synthetic
DJI dslr objektivi na dan,1276,synthetic
Na zajam Salomon gitarni pedal,1475,synthetic
Vibro ploca - Wacker DPU 3760 - izdavanje,1208,real
Rentiranje: kanu BMW,1619,synthetic
libela Wurth akcija,1078,synthetic
usisivač -,1376,synthetic
Novo: utovarivač,1196,synthetic
Einhell pikamer,1177,synthetic
sous vide aparat -,1385,synthetic
Bose ostalo u rasveti i dimu akcija,1421,synthetic
Novo: ostalo u blicevima i rasveti Godox,1290,synthetic
Šlep prikolica - Bajmok,1627,real
rigovi i ramena za kameru GoPro za vikend,1293,synthetic
Na zajam Honda rasipač za đubrivo - izdavanje,1344,synthetic
Wurth stona brusilica za vikend,1049,synthetic
Na zajam Villager kolica za baštu Beograd,1356,synthetic
Bose sklopivi stolovi na dan,1431,synthetic
Novo: Einhell listna brusilica povoljno,1057,synthetic
lanci za sneg Audi sa dostavom,1598,synthetic
Rentiranje: jetski Burton,1543,synthetic
duvački instrument Thule,1484,synthetic
Einhell rezač pločica povoljno,1205,synthetic
mobilni telefon - sa dostavom,1161,synthetic
teleprompter Canon,1266,synthetic
sladoled i slush mašine - povoljno,1451,synthetic
ostalo u ličnoj nezi - na dan,1406,synthetic
Kamion sa korpom za rad na visini,1193,real
Povoljno Asus ostalo u projektorima i tv sa dostavom,1251,synthetic
DeWalt strug sa dostavom,1112,synthetic
kolica za selidbu Beko na dan,1408,synthetic
c-stalak Godox Novi Sad,1291,synthetic
usisivač Karcher,1376,synthetic
prenosni zvučnik - akcija,1130,synthetic
Einhell cirkularna testera Beograd,1028,synthetic
Yamaha chafing dish - izdavanje,1434,synthetic
Povoljno VW ostalo u kamperima Novi Sad,1636,synthetic
Iznajmljujem štafelaj,1514,synthetic
grafička tabla,1147,synthetic
Povoljno grafička tabla DJI,1147,synthetic
Hitno vrtlarska testera i škare,1355,synthetic
baštensko crevo - sa dostavom,1348,synthetic
Iznajmljujem Makita merač buke Beograd,1077,synthetic
gradilišna ograda - - izdavanje,1231,synthetic
Gliser Gobbi open + Yamaha 100 HP ( fisherman ),1621,real
Povoljno Bose pića Beograd,1436,synthetic
klavir -,1478,synthetic
Rentiranje: Polar poker set,1524,synthetic
sator za svadbu,1459,synthetic
Najam/Iznajmljivanje sekač vijaka,1027,synthetic
košara za vatru JBL,1465,synthetic
putovanje s decom Yamaha Novi Sad,1579,synthetic
Na zajam macola Wurth,1092,synthetic
